Puntos;100 ml;110 mv;200 ml;400 ml;400 mv;800 ml;1.500 ml;3.000 ml;3.000 obs;5.000 ml;10.000 ml;5.000 mm;10.000 mm;Salto de Altura;Salto con Pertiga;Salto de Longitud;Triple Salto;Lanzamiento de Peso;Lanzamiento de Disco;Lanzamiento de Martillo;Lanzamiento de Javalina
1100;;;20,78;46,17;50,61;1:47.46;3:40.52;7:52.61;8:35.15;13:30.73;28:21.12;19:31;40:43;;;;16,39;19,65;62,13;73,87;79,89
1099;10,32;13,82;20,79;46,19;50,63;1:47.49;3:40.59;7:52.78;8:35.38;13:31.02;28:21.78;19:32;40:44;2,21;5,39;7,82;16,38;19,63;62,08;73,8;79,82
1098;;;;46,2;50,65;1:47.53;3:40.66;7:52.95;8:35.61;13:31.31;28:22.44;19:33;40:46;;;;16,37;19,61;62,03;73,74;79,75
1097;;13,83;20,8;46,22;50,67;1:47.56;3:40.74;7:53.11;8:35.84;13:31.59;28:23.10;;40:47;;5,38;;;19,6;61,97;73,67;79,68
1096;;;20,81;46,23;50,69;1:47.60;3:40.81;7:53.28;8:36.07;13:31.88;28:23.76;19:34;40:48;;;7,81;16,36;19,58;61,92;73,61;79,61
1095;10,33;13,84;;46,25;50,71;1:47.63;3:40.89;7:53.45;8:36.30;13:32.17;28:24.42;19:35;40:50;;;;16,35;19,56;61,86;73,54;79,54
1094;;;20,82;46,26;50,73;1:47.66;3:40.96;7:53.62;8:36.53;13:32.45;28:25.08;;40:51;;5,37;7,8;16,34;19,55;61,81;73,48;79,47
1093;;13,85;20,83;46,28;50,75;1:47.70;3:41.04;7:53.78;8:36.76;13:32.74;28:25.74;19:36;40:53;;;;16,33;19,53;61,75;73,41;79,39
1092;10,34;13,86;;46,29;50,77;1:47.73;3:41.11;7:53.95;8:36.99;13:33.03;28:26.40;19:37;40:54;;;7,79;16,32;19,51;61,7;73,35;79,32
1091;;;20,84;46,31;50,79;1:47.76;3:41.19;7:54.12;8:37.22;13:33.31;28:27.06;19:38;40:56;;5,36;;16,31;19,5;61,65;73,28;79,25
1090;;13,87;20,85;46,32;50,81;1:47.80;3:41.26;7:54.29;8:37.45;13:33.60;28:27.72;;40:57;2,2;;7,78;16,3;19,48;61,59;73,22;79,18
1089;10,35;;;46,34;50,84;1:47.83;3:41.34;7:54.45;8:37.68;13:33.89;28:28.38;19:39;40:59;;5,35;;16,29;19,46;61,54;73,15;79,11
1088;;13,88;20,86;46,35;50,86;1:47.87;3:41.41;7:54.62;8:37.91;13:34.18;28:29.05;19:40;41:00;;;7,77;16,28;19,45;61,48;73,09;79,04
1087;;;20,87;46,37;50,88;1:47.90;3:41.49;7:54.79;8:38.14;13:34.46;28:29.71;19:41;41:01;;;;16,27;19,43;61,43;73,02;78,97
1086;;13,89;;46,38;50,9;1:47.94;3:41.57;7:54.96;8:38.38;13:34.75;28:30.37;;41:03;;5,34;7,76;16,26;19,41;61,37;72,96;78,9
1085;10,36;;20,88;46,4;50,92;1:47.97;3:41.64;7:55.13;8:38.61;13:35.04;28:31.03;19:42;41:04;;;;16,25;19,4;61,32;72,89;78,83
1084;;13,9;20,89;46,41;50,94;1:48.00;3:41.72;7:55.29;8:38.84;13:35.33;28:31.70;19:43;41:06;;;;16,24;19,38;61,26;72,83;78,76
1083;;;;46,43;50,96;1:48.04;3:41.79;7:55.46;8:39.07;13:35.62;28:32.36;;41:07;;5,33;7,75;16,23;19,36;61,21;72,76;78,69
1082;10,37;13,91;20,9;46,44;50,98;1:48.07;3:41.87;7:55.63;8:39.30;13:35.90;28:33.02;19:44;41:09;;;;16,22;19,34;61,16;72,7;78,62
1081;;13,92;20,91;46,46;51;1:48.11;3:41.94;7:55.80;8:39.53;13:36.19;28:33.69;19:45;41:10;2,19;;7,74;16,21;19,33;61,1;72,63;78,55
1080;;;;46,47;51,02;1:48.14;3:42.02;7:55.97;8:39.76;13:36.48;28:34.35;19:46;41:11;;5,32;;16,2;19,31;61,05;72,57;78,48
1079;10,38;13,93;20,92;46,49;51,04;1:48.17;3:42.09;7:56.14;8:40.00;13:36.77;28:35.02;;41:13;;;7,73;;19,29;60,99;72,5;78,41
1078;;;20,93;46,5;51,06;1:48.21;3:42.17;7:56.31;8:40.23;13:37.06;28:35.68;19:47;41:14;;5,31;;16,19;19,28;60,94;72,44;78,34
1077;;13,94;;46,52;51,08;1:48.24;3:42.24;7:56.47;8:40.46;13:37.35;28:36.35;19:48;41:16;;;7,72;16,18;19,26;60,88;72,37;78,27
1076;10,39;;20,94;46,53;51,1;1:48.28;3:42.32;7:56.64;8:40.69;13:37.64;28:37.01;19:49;41:17;;;;16,17;19,24;60,83;72,31;78,2
1075;;13,95;20,95;46,55;51,12;1:48.31;3:42.39;7:56.81;8:40.92;13:37.93;28:37.68;;41:19;;5,3;7,71;16,16;19,23;60,77;72,24;78,13
1074;;;;46,56;51,14;1:48.35;3:42.47;7:56.98;8:41.15;13:38.22;28:38.35;19:50;41:20;;;;16,15;19,21;60,72;72,18;78,06
1073;;13,96;20,96;46,58;51,16;1:48.38;3:42.55;7:57.15;8:41.39;13:38.51;28:39.01;19:51;41:22;;;7,7;16,14;19,19;60,67;72,11;77,99
1072;10,4;13,97;20,97;46,59;51,19;1:48.41;3:42.62;7:57.32;8:41.62;13:38.80;28:39.68;;41:23;2,18;5,29;;16,13;19,18;60,61;72,05;77,92
1071;;;20,98;46,61;51,21;1:48.45;3:42.70;7:57.49;8:41.85;13:39.09;28:40.35;19:52;41:24;;;;16,12;19,16;60,56;71,98;77,85
1070;;13,98;;46,62;51,23;1:48.48;3:42.77;7:57.66;8:42.08;13:39.37;28:41.01;19:53;41:26;;5,28;7,69;16,11;19,14;60,5;71,92;77,78
1069;10,41;;20,99;46,64;51,25;1:48.52;3:42.85;7:57.83;8:42.32;13:39.67;28:41.68;19:54;41:27;;;;16,1;19,13;60,45;71,85;77,71
1068;;13,99;21;46,65;51,27;1:48.55;3:42.93;7:58.00;8:42.55;13:39.96;28:42.35;;41:29;;;7,68;16,09;19,11;60,39;71,79;77,64
1067;;;;46,67;51,29;1:48.59;3:43.00;7:58.17;8:42.78;13:40.25;28:43.02;19:55;41:30;;5,27;;16,08;19,09;60,34;71,72;77,57
1066;10,42;14;21,01;46,68;51,31;1:48.62;3:43.08;7:58.34;8:43.02;13:40.54;28:43.69;19:56;41:32;;;7,67;16,07;19,08;60,29;71,66;77,5
1065;;;21,02;46,7;51,33;1:48.65;3:43.15;7:58.51;8:43.25;13:40.83;28:44.36;19:57;41:33;;;;16,06;19,06;60,23;71,59;77,43
1064;;14,01;;46,71;51,35;1:48.69;3:43.23;7:58.67;8:43.48;13:41.12;28:45.03;;41:35;2,17;5,26;7,66;16,05;19,04;60,18;71,53;77,35
1063;10,43;;21,03;46,73;51,37;1:48.72;3:43.31;7:58.84;8:43.72;13:41.41;28:45.70;19:58;41:36;;;;16,04;19,03;60,12;71,46;77,28
1062;;14,02;21,04;46,74;51,39;1:48.76;3:43.38;7:59.01;8:43.95;13:41.70;28:46.37;19:59;41:37;;;7,65;16,03;19,01;60,07;71,4;77,21
1061;;14,03;;46,76;51,41;1:48.79;3:43.46;7:59.18;8:44.18;13:41.99;28:47.04;20:00;41:39;;5,25;;;18,99;60,01;71,33;77,14
1060;;;21,05;46,77;51,43;1:48.83;3:43.53;7:59.35;8:44.42;13:42.28;28:47.71;;41:40;;;7,64;16,02;18,98;59,96;71,27;77,07
1059;10,44;14,04;21,06;46,79;51,45;1:48.86;3:43.61;7:59.52;8:44.65;13:42.57;28:48.38;20:01;41:42;;5,24;;16,01;18,96;59,9;71,2;77
1058;;;;46,8;51,48;1:48.90;3:43.69;7:59.70;8:44.88;13:42.86;28:49.05;20:02;41:43;;;;16;18,94;59,85;71,14;76,93
1057;;14,05;21,07;46,82;51,5;1:48.93;3:43.76;7:59.87;8:45.12;13:43.16;28:49.72;;41:45;;;7,63;15,99;18,93;59,8;71,07;76,86
1056;10,45;;21,08;46,83;51,52;1:48.97;3:43.84;8:00.04;8:45.35;13:43.45;28:50.39;20:03;41:46;;5,23;;15,98;18,91;59,74;71,01;76,79
1055;;14,06;;46,85;51,54;1:49.00;3:43.91;8:00.21;8:45.59;13:43.74;28:51.07;20:04;41:48;2,16;;7,62;15,97;18,89;59,69;70,94;76,72
1054;;;21,09;46,87;51,56;1:49.03;3:43.99;8:00.38;8:45.82;13:44.03;28:51.74;20:05;41:49;;;;15,96;18,88;59,63;70,88;76,65
1053;10,46;14,07;21,1;46,88;51,58;1:49.07;3:44.07;8:00.55;8:46.06;13:44.32;28:52.41;;41:51;;5,22;7,61;15,95;18,86;59,58;70,81;76,58
1052;;14,08;;46,9;51,6;1:49.10;3:44.14;8:00.72;8:46.29;13:44.62;28:53.09;20:06;41:52;;;;15,94;18,84;59,52;70,75;76,51
1051;;;21,11;46,91;51,62;1:49.14;3:44.22;8:00.89;8:46.53;13:44.91;28:53.76;20:07;41:53;;5,21;7,6;15,93;18,82;59,47;70,68;76,44
1050;10,47;14,09;21,12;46,93;51,64;1:49.17;3:44.30;8:01.06;8:46.76;13:45.20;28:54.43;20:08;41:55;;;;15,92;18,81;59,41;70,62;76,37
1049;;;21,13;46,94;51,66;1:49.21;3:44.37;8:01.23;8:46.99;13:45.50;28:55.11;;41:56;;;7,59;15,91;18,79;59,36;70,55;76,3
1048;;14,1;;46,96;51,68;1:49.24;3:44.45;8:01.40;8:47.23;13:45.79;28:55.78;20:09;41:58;;5,2;;15,9;18,77;59,31;70,49;76,23
1047;10,48;;21,14;46,97;51,7;1:49.28;3:44.53;8:01.57;8:47.47;13:46.08;28:56.46;20:10;41:59;;;7,58;15,89;18,76;59,25;70,42;76,16
1046;;14,11;21,15;46,99;51,73;1:49.31;3:44.60;8:01.74;8:47.70;13:46.37;28:57.13;20:11;42:01;2,15;;;15,88;18,74;59,2;70,36;76,09
1045;;;;47;51,75;1:49.35;3:44.68;8:01.92;8:47.94;13:46.67;28:57.81;;42:02;;5,19;7,57;15,87;18,72;59,14;70,29;76,02
1044;;14,12;21,16;47,02;51,77;1:49.38;3:44.76;8:02.09;8:48.17;13:46.96;28:58.48;20:12;42:04;;;;15,86;18,71;59,09;70,23;75,95
1043;10,49;14,13;21,17;47,03;51,79;1:49.42;3:44.83;8:02.26;8:48.41;13:47.26;28:59.16;20:13;42:05;;;;15,85;18,69;59,03;70,16;75,88
1042;;;;47,05;51,81;1:49.45;3:44.91;8:02.43;8:48.64;13:47.55;28:59.84;20:14;42:07;;5,18;7,56;;18,67;58,98;70,1;75,81
1041;;14,14;21,18;47,06;51,83;1:49.49;3:44.99;8:02.60;8:48.88;13:47.84;29:00.51;;42:08;;;;15,84;18,66;58,92;70,03;75,74
1040;10,5;;21,19;47,08;51,85;1:49.52;3:45.06;8:02.77;8:49.11;13:48.14;29:01.19;20:15;42:10;;5,17;7,55;15,83;18,64;58,87;69,97;75,67
1039;;14,15;;47,09;51,87;1:49.56;3:45.14;8:02.95;8:49.35;13:48.43;29:01.87;20:16;42:11;;;;15,82;18,62;58,82;69,9;75,6
1038;;;21,2;47,11;51,89;1:49.59;3:45.22;8:03.12;8:49.59;13:48.73;29:02.54;20:17;42:12;;;7,54;15,81;18,61;58,76;69,84;75,53
1037;10,51;14,16;21,21;47,13;51,91;1:49.63;3:45.29;8:03.29;8:49.82;13:49.02;29:03.22;;42:14;2,14;5,16;;15,8;18,59;58,71;69,77;75,45
1036;;14,17;;47,14;51,94;1:49.66;3:45.37;8:03.46;8:50.06;13:49.31;29:03.90;20:18;42:15;;;7,53;15,79;18,57;58,65;69,71;75,38
1035;;;21,22;47,16;51,96;1:49.70;3:45.45;8:03.63;8:50.30;13:49.61;29:04.58;20:19;42:17;;;;15,78;18,56;58,6;69,64;75,31
1034;10,52;14,18;21,23;47,17;51,98;1:49.73;3:45.53;8:03.81;8:50.53;13:49.90;29:05.26;20:20;42:18;;5,15;7,52;15,77;18,54;58,54;69,58;75,24
1033;;;21,24;47,19;52;1:49.77;3:45.60;8:03.98;8:50.77;13:50.20;29:05.94;;42:20;;;;15,76;18,52;58,49;69,51;75,17
1032;;14,19;;47,2;52,02;1:49.80;3:45.68;8:04.15;8:51.01;13:50.49;29:06.62;20:21;42:21;;5,14;7,51;15,75;18,51;58,43;69,45;75,1
1031;10,53;;21,25;47,22;52,04;1:49.83;3:45.76;8:04.32;8:51.24;13:50.79;29:07.30;20:22;42:23;;;;15,74;18,49;58,38;69,38;75,03
1030;;14,2;21,26;47,23;52,06;1:49.87;3:45.83;8:04.49;8:51.48;13:51.09;29:07.98;;42:24;;;;15,73;18,47;58,33;69,32;74,96
1029;;;;47,25;52,08;1:49.90;3:45.91;8:04.67;8:51.72;13:51.38;29:08.66;20:23;42:26;;5,13;7,5;15,72;18,46;58,27;69,25;74,89
1028;;14,21;21,27;47,26;52,1;1:49.94;3:45.99;8:04.84;8:51.95;13:51.68;29:09.34;20:24;42:27;2,13;;;15,71;18,44;58,22;69,19;74,82
1027;10,54;14,22;21,28;47,28;52,13;1:49.98;3:46.07;8:05.01;8:52.19;13:51.97;29:10.02;20:25;42:29;;;7,49;15,7;18,42;58,16;69,12;74,75
1026;;;;47,29;52,15;1:50.01;3:46.14;8:05.19;8:52.43;13:52.27;29:10.70;;42:30;;5,12;;15,69;18,41;58,11;69,05;74,68
1025;;14,23;21,29;47,31;52,17;1:50.05;3:46.22;8:05.36;8:52.67;13:52.57;29:11.39;20:26;42:32;;;7,48;15,68;18,39;58,05;68,99;74,61
1024;10,55;;21,3;47,33;52,19;1:50.08;3:46.30;8:05.53;8:52.90;13:52.86;29:12.07;20:27;42:33;;;;15,67;18,37;58;68,92;74,54
1023;;14,24;;47,34;52,21;1:50.12;3:46.38;8:05.70;8:53.14;13:53.16;29:12.75;20:28;42:35;;5,11;7,47;;18,35;57,94;68,86;74,47
1022;;;21,31;47,36;52,23;1:50.15;3:46.45;8:05.88;8:53.38;13:53.46;29:13.43;;42:36;;;;15,66;18,34;57,89;68,79;74,4
1021;10,56;14,25;21,32;47,37;52,25;1:50.19;3:46.53;8:06.05;8:53.62;13:53.75;29:14.12;20:29;42:38;;5,1;7,46;15,65;18,32;57,83;68,73;74,33
1020;;14,26;21,33;47,39;52,27;1:50.22;3:46.61;8:06.22;8:53.86;13:54.05;29:14.80;20:30;42:39;;;;15,64;18,3;57,78;68,66;74,26
1019;;;;47,4;52,29;1:50.26;3:46.69;8:06.40;8:54.10;13:54.35;29:15.49;20:31;42:40;2,12;;7,45;15,63;18,29;57,73;68,6;74,19
1018;10,57;14,27;21,34;47,42;52,32;1:50.29;3:46.76;8:06.57;8:54.33;13:54.64;29:16.17;;42:42;;5,09;;15,62;18,27;57,67;68,53;74,12
1017;;;21,35;47,43;52,34;1:50.33;3:46.84;8:06.75;8:54.57;13:54.94;29:16.85;20:32;42:43;;;;15,61;18,25;57,62;68,47;74,05
1016;;14,28;;47,45;52,36;1:50.36;3:46.92;8:06.92;8:54.81;13:55.24;29:17.54;20:33;42:45;;;7,44;15,6;18,24;57,56;68,4;73,98
1015;10,58;;21,36;47,47;52,38;1:50.40;3:47.00;8:07.09;8:55.05;13:55.54;29:18.23;20:34;42:46;;5,08;;15,59;18,22;57,51;68,34;73,91
1014;;14,29;21,37;47,48;52,4;1:50.43;3:47.08;8:07.27;8:55.29;13:55.83;29:18.91;;42:48;;;7,43;15,58;18,2;57,45;68,27;73,83
1013;;14,3;;47,5;52,42;1:50.47;3:47.15;8:07.44;8:55.53;13:56.13;29:19.60;20:35;42:49;;5,07;;15,57;18,19;57,4;68,21;73,76
1012;;;21,38;47,51;52,44;1:50.50;3:47.23;8:07.61;8:55.77;13:56.43;29:20.28;20:36;42:51;;;7,42;15,56;18,17;57,34;68,14;73,69
1011;10,59;14,31;21,39;47,53;52,46;1:50.54;3:47.31;8:07.79;8:56.01;13:56.73;29:20.97;20:37;42:52;2,11;;;15,55;18,15;57,29;68,08;73,62
1010;;;;47,54;52,49;1:50.57;3:47.39;8:07.96;8:56.25;13:57.03;29:21.66;;42:54;;5,06;7,41;15,54;18,14;57,24;68,01;73,55
1009;;14,32;21,4;47,56;52,51;1:50.61;3:47.47;8:08.14;8:56.49;13:57.33;29:22.35;20:38;42:55;;;;15,53;18,12;57,18;67,95;73,48
1008;10,6;;21,41;47,57;52,53;1:50.64;3:47.54;8:08.31;8:56.73;13:57.62;29:23.03;20:39;42:57;;;7,4;15,52;18,1;57,13;67,88;73,41
1007;;14,33;21,42;47,59;52,55;1:50.68;3:47.62;8:08.49;8:56.97;13:57.92;29:23.72;20:40;42:58;;5,05;;15,51;18,09;57,07;67,82;73,34
1006;;14,34;;47,61;52,57;1:50.72;3:47.70;8:08.66;8:57.20;13:58.22;29:24.41;20:41;43:00;;;7,39;15,5;18,07;57,02;67,75;73,27
1005;10,61;;21,43;47,62;52,59;1:50.75;3:47.78;8:08.84;8:57.45;13:58.52;29:25.10;;43:01;;;;15,49;18,05;56,96;67,69;73,2
1004;;14,35;21,44;47,64;52,61;1:50.79;3:47.86;8:09.01;8:57.69;13:58.82;29:25.79;20:42;43:03;;5,04;7,38;15,48;18,04;56,91;67,62;73,13
1003;;;;47,65;52,63;1:50.82;3:47.93;8:09.19;8:57.93;13:59.12;29:26.48;20:43;43:04;;;;;18,02;56,85;67,56;73,06
1002;10,62;14,36;21,45;47,67;52,66;1:50.86;3:48.01;8:09.36;8:58.17;13:59.42;29:27.17;20:44;43:06;2,1;5,03;;15,47;18;56,8;67,49;72,99
1001;;;21,46;47,68;52,68;1:50.89;3:48.09;8:09.54;8:58.41;13:59.72;29:27.86;;43:07;;;7,37;15,46;17,99;56,75;67,43;72,92
1000;;14,37;;47,7;52,7;1:50.93;3:48.17;8:09.71;8:58.65;14:00.02;29:28.55;20:45;43:09;;;;15,45;17,97;56,69;67,36;72,85
999;10,63;;21,47;47,71;52,72;1:50.96;3:48.25;8:09.89;8:58.89;14:00.32;29:29.24;20:46;43:10;;5,02;7,36;15,44;17,95;56,64;67,3;72,78
998;;14,38;21,48;47,73;52,74;1:51.00;3:48.33;8:10.06;8:59.13;14:00.62;29:29.93;20:47;43:12;;;;15,43;17,93;56,58;67,23;72,71
997;;14,39;21,49;47,75;52,76;1:51.03;3:48.41;8:10.24;8:59.37;14:00.92;29:30.62;;43:13;;;7,35;15,42;17,92;56,53;67,17;72,64
996;10,64;;;47,76;52,78;1:51.07;3:48.48;8:10.41;8:59.61;14:01.22;29:31.31;20:48;43:15;;5,01;;15,41;17,9;56,47;67,1;72,57
995;;14,4;21,5;47,78;52,81;1:51.11;3:48.56;8:10.59;8:59.85;14:01.52;29:32.01;20:49;43:16;;;7,34;15,4;17,88;56,42;67,04;72,5
994;;;21,51;47,79;52,83;1:51.14;3:48.64;8:10.76;9:00.09;14:01.82;29:32.70;20:50;43:18;;5;;15,39;17,87;56,36;66,97;72,43
993;10,65;14,41;;47,81;52,85;1:51.18;3:48.72;8:10.94;9:00.33;14:02.12;29:33.39;;43:19;2,09;;7,33;15,38;17,85;56,31;66,91;72,36
992;;14,42;21,52;47,82;52,87;1:51.21;3:48.80;8:11.11;9:00.58;14:02.42;29:34.08;20:51;43:21;;;;15,37;17,83;56,25;66,84;72,28
991;;;21,53;47,84;52,89;1:51.25;3:48.88;8:11.29;9:00.82;14:02.72;29:34.78;20:52;43:22;;4,99;7,32;15,36;17,82;56,2;66,77;72,21
990;10,66;14,43;;47,86;52,91;1:51.28;3:48.96;8:11.47;9:01.06;14:03.03;29:35.47;20:53;43:24;;;;15,35;17,8;56,15;66,71;72,14
989;;;21,54;47,87;52,93;1:51.32;3:49.03;8:11.64;9:01.30;14:03.33;29:36.17;;43:25;;;7,31;15,34;17,78;56,09;66,64;72,07
988;;14,44;21,55;47,89;52,96;1:51.36;3:49.11;8:11.82;9:01.54;14:03.63;29:36.86;20:54;43:27;;4,98;;15,33;17,77;56,04;66,58;72
987;;;21,56;47,9;52,98;1:51.39;3:49.19;8:11.99;9:01.79;14:03.93;29:37.56;20:55;43:28;;;;15,32;17,75;55,98;66,51;71,93
986;10,67;14,45;;47,92;53;1:51.43;3:49.27;8:12.17;9:02.03;14:04.23;29:38.25;20:56;43:30;;4,97;7,3;15,31;17,73;55,93;66,45;71,86
985;;14,46;21,57;47,93;53,02;1:51.46;3:49.35;8:12.35;9:02.27;14:04.54;29:38.95;;43:31;;;;15,3;17,72;55,87;66,38;71,79
984;;;21,58;47,95;53,04;1:51.50;3:49.43;8:12.52;9:02.51;14:04.84;29:39.64;20:57;43:33;2,08;;7,29;15,29;17,7;55,82;66,32;71,72
983;10,68;14,47;;47,97;53,06;1:51.53;3:49.51;8:12.70;9:02.76;14:05.14;29:40.34;20:58;43:34;;4,96;;;17,68;55,76;66,25;71,65
982;;;21,59;47,98;53,09;1:51.57;3:49.59;8:12.88;9:03.00;14:05.44;29:41.04;20:59;43:36;;;7,28;15,28;17,67;55,71;66,19;71,58
981;;14,48;21,6;48;53,11;1:51.61;3:49.67;8:13.05;9:03.24;14:05.75;29:41.73;21:00;43:37;;;;15,27;17,65;55,65;66,12;71,51
980;10,69;;21,61;48,01;53,13;1:51.64;3:49.75;8:13.23;9:03.48;14:06.05;29:42.43;;43:39;;4,95;7,27;15,26;17,63;55,6;66,06;71,44
979;;14,49;;48,03;53,15;1:51.68;3:49.83;8:13.41;9:03.73;14:06.35;29:43.13;21:01;43:40;;;;15,25;17,62;55,55;65,99;71,37
978;;14,5;21,62;48,05;53,17;1:51.71;3:49.90;8:13.58;9:03.97;14:06.66;29:43.83;21:02;43:42;;;7,26;15,24;17,6;55,49;65,93;71,3
977;10,7;;21,63;48,06;53,19;1:51.75;3:49.98;8:13.76;9:04.21;14:06.96;29:44.53;21:03;43:43;;4,94;;15,23;17,58;55,44;65,86;71,23
976;;14,51;;48,08;53,22;1:51.79;3:50.06;8:13.94;9:04.46;14:07.26;29:45.23;;43:45;;;7,25;15,22;17,56;55,38;65,8;71,16
975;;;21,64;48,09;53,24;1:51.82;3:50.14;8:14.12;9:04.70;14:07.57;29:45.92;21:04;43:46;2,07;4,93;;15,21;17,55;55,33;65,73;71,09
974;10,71;14,52;21,65;48,11;53,26;1:51.86;3:50.22;8:14.29;9:04.95;14:07.87;29:46.62;21:05;43:48;;;;15,2;17,53;55,27;65,67;71,02
973;;;21,66;48,12;53,28;1:51.89;3:50.30;8:14.47;9:05.19;14:08.17;29:47.32;21:06;43:49;;;7,24;15,19;17,51;55,22;65,6;70,95
972;;14,53;;48,14;53,3;1:51.93;3:50.38;8:14.65;9:05.43;14:08.48;29:48.03;;43:51;;4,92;;15,18;17,5;55,16;65,54;70,87
971;10,72;14,54;21,67;48,16;53,32;1:51.97;3:50.46;8:14.83;9:05.68;14:08.78;29:48.73;21:07;43:52;;;7,23;15,17;17,48;55,11;65,47;70,8
970;;;21,68;48,17;53,35;1:52.00;3:50.54;8:15.00;9:05.92;14:09.09;29:49.43;21:08;43:54;;;;15,16;17,46;55,05;65,41;70,73
969;;14,55;;48,19;53,37;1:52.04;3:50.62;8:15.18;9:06.17;14:09.39;29:50.13;21:09;43:55;;4,91;7,22;15,15;17,45;55;65,34;70,66
968;10,73;;21,69;48,2;53,39;1:52.07;3:50.70;8:15.36;9:06.41;14:09.70;29:50.83;;43:57;;;;15,14;17,43;54,95;65,28;70,59
967;;14,56;21,7;48,22;53,41;1:52.11;3:50.78;8:15.54;9:06.66;14:10.00;29:51.53;21:10;43:59;2,06;4,9;7,21;15,13;17,41;54,89;65,21;70,52
966;;14,57;21,71;48,24;53,43;1:52.15;3:50.86;8:15.72;9:06.90;14:10.31;29:52.24;21:11;44:00;;;;15,12;17,4;54,84;65,14;70,45
965;10,74;;;48,25;53,45;1:52.18;3:50.94;8:15.89;9:07.15;14:10.61;29:52.94;21:12;44:02;;;7,2;15,11;17,38;54,78;65,08;70,38
964;;14,58;21,72;48,27;53,48;1:52.22;3:51.02;8:16.07;9:07.39;14:10.92;29:53.64;21:13;44:03;;4,89;;15,1;17,36;54,73;65,01;70,31
963;;;21,73;48,28;53,5;1:52.26;3:51.10;8:16.25;9:07.64;14:11.22;29:54.35;;44:05;;;7,19;15,09;17,35;54,67;64,95;70,24
962;10,75;14,59;;48,3;53,52;1:52.29;3:51.18;8:16.43;9:07.88;14:11.53;29:55.05;21:14;44:06;;;;15,08;17,33;54,62;64,88;70,17
961;;;21,74;48,32;53,54;1:52.33;3:51.26;8:16.61;9:08.13;14:11.83;29:55.75;21:15;44:08;;4,88;7,18;;17,31;54,56;64,82;70,1
960;;14,6;21,75;48,33;53,56;1:52.36;3:51.34;8:16.79;9:08.37;14:12.14;29:56.46;21:16;44:09;;;;15,07;17,3;54,51;64,75;70,03
959;10,76;14,61;21,76;48,35;53,59;1:52.40;3:51.42;8:16.97;9:08.62;14:12.45;29:57.16;;44:11;;4,87;;15,06;17,28;54,45;64,69;69,96
958;;;;48,36;53,61;1:52.44;3:51.50;8:17.15;9:08.86;14:12.75;29:57.87;21:17;44:12;2,05;;7,17;15,05;17,26;54,4;64,62;69,89
957;;14,62;21,77;48,38;53,63;1:52.47;3:51.58;8:17.32;9:09.11;14:13.06;29:58.58;21:18;44:14;;;;15,04;17,25;54,35;64,56;69,82
956;;;21,78;48,4;53,65;1:52.51;3:51.66;8:17.50;9:09.36;14:13.37;29:59.28;21:19;44:15;;4,86;7,16;15,03;17,23;54,29;64,49;69,75
955;10,77;14,63;;48,41;53,67;1:52.55;3:51.74;8:17.68;9:09.60;14:13.67;29:59.99;21:20;44:17;;;;15,02;17,21;54,24;64,43;69,68
954;;14,64;21,79;48,43;53,69;1:52.58;3:51.82;8:17.86;9:09.85;14:13.98;30:00.69;;44:18;;;7,15;15,01;17,2;54,18;64,36;69,61
953;;;21,8;48,44;53,72;1:52.62;3:51.90;8:18.04;9:10.09;14:14.29;30:01.40;21:21;44:20;;4,85;;15;17,18;54,13;64,3;69,53
952;10,78;14,65;21,81;48,46;53,74;1:52.65;3:51.98;8:18.22;9:10.34;14:14.60;30:02.11;21:22;44:21;;;7,14;14,99;17,16;54,07;64,23;69,46
951;;;;48,48;53,76;1:52.69;3:52.06;8:18.40;9:10.59;14:14.90;30:02.82;21:23;44:23;;4,84;;14,98;17,14;54,02;64,17;69,39
950;;14,66;21,82;48,49;53,78;1:52.73;3:52.14;8:18.58;9:10.83;14:15.21;30:03.53;;44:24;;;7,13;14,97;17,13;53,96;64,1;69,32
949;10,79;;21,83;48,51;53,8;1:52.76;3:52.22;8:18.76;9:11.08;14:15.52;30:04.24;21:24;44:26;2,04;;;14,96;17,11;53,91;64,04;69,25
948;;14,67;;48,52;53,83;1:52.80;3:52.30;8:18.94;9:11.33;14:15.83;30:04.94;21:25;44:28;;4,83;7,12;14,95;17,09;53,85;63,97;69,18
947;;14,68;21,84;48,54;53,85;1:52.84;3:52.38;8:19.12;9:11.58;14:16.13;30:05.65;21:26;44:29;;;;14,94;17,08;53,8;63,91;69,11
946;10,8;;21,85;48,56;53,87;1:52.87;3:52.46;8:19.30;9:11.82;14:16.44;30:06.36;21:27;44:31;;;7,11;14,93;17,06;53,75;63,84;69,04
945;;14,69;21,86;48,57;53,89;1:52.91;3:52.54;8:19.48;9:12.07;14:16.75;30:07.07;;44:32;;4,82;;14,92;17,04;53,69;63,78;68,97
944;;;;48,59;53,91;1:52.95;3:52.62;8:19.66;9:12.32;14:17.06;30:07.79;21:28;44:34;;;;14,91;17,03;53,64;63,71;68,9
943;10,81;14,7;21,87;48,6;53,94;1:52.98;3:52.70;8:19.84;9:12.57;14:17.37;30:08.50;21:29;44:35;;;7,1;14,9;17,01;53,58;63,64;68,83
942;;14,71;21,88;48,62;53,96;1:53.02;3:52.79;8:20.02;9:12.81;14:17.68;30:09.21;21:30;44:37;;4,81;;14,89;16,99;53,53;63,58;68,76
941;;;;48,64;53,98;1:53.06;3:52.87;8:20.20;9:13.06;14:17.99;30:09.92;;44:38;;;7,09;14,88;16,98;53,47;63,51;68,69
940;10,82;14,72;21,89;48,65;54;1:53.09;3:52.95;8:20.38;9:13.31;14:18.30;30:10.63;21:31;44:40;2,03;4,8;;14,87;16,96;53,42;63,45;68,62
939;;;21,9;48,67;54,02;1:53.13;3:53.03;8:20.56;9:13.56;14:18.61;30:11.34;21:32;44:41;;;7,08;;16,94;53,36;63,38;68,55
938;;14,73;21,91;48,68;54,05;1:53.17;3:53.11;8:20.74;9:13.81;14:18.92;30:12.06;21:33;44:43;;;;14,86;16,93;53,31;63,32;68,48
937;10,83;;;48,7;54,07;1:53.20;3:53.19;8:20.92;9:14.06;14:19.23;30:12.77;21:34;44:44;;4,79;7,07;14,85;16,91;53,25;63,25;68,41
936;;14,74;21,92;48,72;54,09;1:53.24;3:53.27;8:21.10;9:14.30;14:19.54;30:13.48;;44:46;;;;14,84;16,89;53,2;63,19;68,34
935;;14,75;21,93;48,73;54,11;1:53.28;3:53.35;8:21.29;9:14.55;14:19.85;30:14.20;21:35;44:48;;;7,06;14,83;16,88;53,14;63,12;68,26
934;10,84;;21,94;48,75;54,14;1:53.31;3:53.43;8:21.47;9:14.80;14:20.16;30:14.91;21:36;44:49;;4,78;;14,82;16,86;53,09;63,06;68,19
933;;14,76;;48,77;54,16;1:53.35;3:53.51;8:21.65;9:15.05;14:20.47;30:15.63;21:37;44:51;;;7,05;14,81;16,84;53,04;62,99;68,12
932;;;21,95;48,78;54,18;1:53.39;3:53.60;8:21.83;9:15.30;14:20.78;30:16.34;;44:52;2,02;4,77;;14,8;16,82;52,98;62,93;68,05
931;10,85;14,77;21,96;48,8;54,2;1:53.42;3:53.68;8:22.01;9:15.55;14:21.09;30:17.06;21:38;44:54;;;7,04;14,79;16,81;52,93;62,86;67,98
930;;14,78;;48,81;54,22;1:53.46;3:53.76;8:22.19;9:15.80;14:21.40;30:17.78;21:39;44:55;;;;14,78;16,79;52,87;62,8;67,91
929;;;21,97;48,83;54,25;1:53.50;3:53.84;8:22.37;9:16.05;14:21.71;30:18.49;21:40;44:57;;4,76;;14,77;16,77;52,82;62,73;67,84
928;10,86;14,79;21,98;48,85;54,27;1:53.53;3:53.92;8:22.56;9:16.30;14:22.02;30:19.21;21:41;44:58;;;7,03;14,76;16,76;52,76;62,67;67,77
927;;;21,99;48,86;54,29;1:53.57;3:54.00;8:22.74;9:16.55;14:22.33;30:19.93;;45:00;;;;14,75;16,74;52,71;62,6;67,7
926;;14,8;;48,88;54,31;1:53.61;3:54.08;8:22.92;9:16.80;14:22.64;30:20.64;21:42;45:02;;4,75;7,02;14,74;16,72;52,65;62,54;67,63
925;10,87;14,81;22;48,9;54,34;1:53.65;3:54.17;8:23.10;9:17.05;14:22.96;30:21.36;21:43;45:03;;;;14,73;16,71;52,6;62,47;67,56
924;;;22,01;48,91;54,36;1:53.68;3:54.25;8:23.28;9:17.30;14:23.27;30:22.08;21:44;45:05;;4,74;7,01;14,72;16,69;52,54;62,4;67,49
923;;14,82;22,02;48,93;54,38;1:53.72;3:54.33;8:23.47;9:17.55;14:23.58;30:22.80;21:45;45:06;2,01;;;14,71;16,67;52,49;62,34;67,42
922;10,88;;;48,94;54,4;1:53.76;3:54.41;8:23.65;9:17.80;14:23.89;30:23.52;;45:08;;;7;14,7;16,66;52,44;62,27;67,35
921;;14,83;22,03;48,96;54,42;1:53.79;3:54.49;8:23.83;9:18.05;14:24.21;30:24.24;21:46;45:09;;4,73;;14,69;16,64;52,38;62,21;67,28
920;;14,84;22,04;48,98;54,45;1:53.83;3:54.57;8:24.01;9:18.30;14:24.52;30:24.96;21:47;45:11;;;6,99;14,68;16,62;52,33;62,14;67,21
919;10,89;;;48,99;54,47;1:53.87;3:54.66;8:24.20;9:18.55;14:24.83;30:25.68;21:48;45:12;;;;14,67;16,61;52,27;62,08;67,14
918;;14,85;22,05;49,01;54,49;1:53.90;3:54.74;8:24.38;9:18.80;14:25.14;30:26.40;;45:14;;4,72;6,98;14,66;16,59;52,22;62,01;67,06
917;;;22,06;49,03;54,51;1:53.94;3:54.82;8:24.56;9:19.06;14:25.46;30:27.12;21:49;45:16;;;;14,65;16,57;52,16;61,95;66,99
916;10,9;14,86;22,07;49,04;54,54;1:53.98;3:54.90;8:24.74;9:19.31;14:25.77;30:27.84;21:50;45:17;;4,71;6,97;;16,56;52,11;61,88;66,92
915;;14,87;;49,06;54,56;1:54.02;3:54.98;8:24.93;9:19.56;14:26.08;30:28.56;21:51;45:19;;;;14,64;16,54;52,05;61,82;66,85
914;;;22,08;49,08;54,58;1:54.05;3:55.06;8:25.11;9:19.81;14:26.40;30:29.29;21:52;45:20;2;;;14,63;16,52;52;61,75;66,78
913;10,91;14,88;22,09;49,09;54,6;1:54.09;3:55.15;8:25.29;9:20.06;14:26.71;30:30.01;;45:22;;4,7;6,96;14,62;16,51;51,94;61,69;66,71
912;;;22,1;49,11;54,63;1:54.13;3:55.23;8:25.48;9:20.31;14:27.03;30:30.73;21:53;45:23;;;;14,61;16,49;51,89;61,62;66,64
911;;14,89;;49,12;54,65;1:54.16;3:55.31;8:25.66;9:20.57;14:27.34;30:31.45;21:54;45:25;;;6,95;14,6;16,47;51,83;61,56;66,57
910;10,92;14,9;22,11;49,14;54,67;1:54.20;3:55.39;8:25.84;9:20.82;14:27.65;30:32.18;21:55;45:27;;4,69;;14,59;16,45;51,78;61,49;66,5
909;;;22,12;49,16;54,69;1:54.24;3:55.48;8:26.03;9:21.07;14:27.97;30:32.90;21:56;45:28;;;6,94;14,58;16,44;51,73;61,43;66,43
908;;14,91;22,13;49,17;54,72;1:54.28;3:55.56;8:26.21;9:21.32;14:28.28;30:33.63;;45:30;;4,68;;14,57;16,42;51,67;61,36;66,36
907;10,93;;;49,19;54,74;1:54.31;3:55.64;8:26.40;9:21.58;14:28.60;30:34.35;21:57;45:31;;;6,93;14,56;16,4;51,62;61,29;66,29
906;;14,92;22,14;49,21;54,76;1:54.35;3:55.72;8:26.58;9:21.83;14:28.91;30:35.08;21:58;45:33;;;;14,55;16,39;51,56;61,23;66,22
905;;14,93;22,15;49,22;54,78;1:54.39;3:55.80;8:26.76;9:22.08;14:29.23;30:35.80;21:59;45:34;1,99;4,67;6,92;14,54;16,37;51,51;61,16;66,15
904;10,94;;22,16;49,24;54,8;1:54.43;3:55.89;8:26.95;9:22.33;14:29.54;30:36.53;22:00;45:36;;;;14,53;16,35;51,45;61,1;66,08
903;;14,94;;49,26;54,83;1:54.46;3:55.97;8:27.13;9:22.59;14:29.86;30:37.26;;45:38;;;6,91;14,52;16,34;51,4;61,03;66,01
902;;;22,17;49,27;54,85;1:54.50;3:56.05;8:27.32;9:22.84;14:30.18;30:37.98;22:01;45:39;;4,66;;14,51;16,32;51,34;60,97;65,93
901;10,95;14,95;22,18;49,29;54,87;1:54.54;3:56.13;8:27.50;9:23.09;14:30.49;30:38.71;22:02;45:41;;;6,9;14,5;16,3;51,29;60,9;65,86
900;;14,96;;49,31;54,9;1:54.58;3:56.22;8:27.69;9:23.35;14:30.81;30:39.44;22:03;45:42;;4,65;;14,49;16,29;51,23;60,84;65,79
899;;;22,19;49,32;54,92;1:54.61;3:56.30;8:27.87;9:23.60;14:31.12;30:40.17;22:04;45:44;;;6,89;14,48;16,27;51,18;60,77;65,72
898;10,96;14,97;22,2;49,34;54,94;1:54.65;3:56.38;8:28.06;9:23.86;14:31.44;30:40.90;;45:45;;;;14,47;16,25;51,12;60,71;65,65
897;;;22,21;49,35;54,96;1:54.69;3:56.47;8:28.24;9:24.11;14:31.76;30:41.62;22:05;45:47;1,98;4,64;;14,46;16,24;51,07;60,64;65,58
896;;14,98;;49,37;54,99;1:54.73;3:56.55;8:28.43;9:24.36;14:32.07;30:42.35;22:06;45:49;;;6,88;14,45;16,22;51,01;60,58;65,51
895;10,97;14,99;22,22;49,39;55,01;1:54.76;3:56.63;8:28.61;9:24.62;14:32.39;30:43.08;22:07;45:50;;;;14,44;16,2;50,96;60,51;65,44
894;;;22,23;49,4;55,03;1:54.80;3:56.71;8:28.80;9:24.87;14:32.71;30:43.81;22:08;45:52;;4,63;6,87;14,43;16,19;50,91;60,45;65,37
893;;15;22,24;49,42;55,05;1:54.84;3:56.80;8:28.98;9:25.13;14:33.03;30:44.55;;45:53;;;;;16,17;50,85;60,38;65,3
892;10,98;;;49,44;55,08;1:54.88;3:56.88;8:29.17;9:25.38;14:33.34;30:45.28;22:09;45:55;;;6,86;14,42;16,15;50,8;60,31;65,23
891;;15,01;22,25;49,45;55,1;1:54.91;3:56.96;8:29.35;9:25.64;14:33.66;30:46.01;22:10;45:56;;4,62;;14,41;16,13;50,74;60,25;65,16
890;;15,02;22,26;49,47;55,12;1:54.95;3:57.05;8:29.54;9:25.89;14:33.98;30:46.74;22:11;45:58;;;6,85;14,4;16,12;50,69;60,18;65,09
889;10,99;;22,27;49,49;55,14;1:54.99;3:57.13;8:29.72;9:26.15;14:34.30;30:47.47;22:12;46:00;;4,61;;14,39;16,1;50,63;60,12;65,02
888;;15,03;;49,5;55,17;1:55.03;3:57.21;8:29.91;9:26.40;14:34.62;30:48.21;;46:01;1,97;;6,84;14,38;16,08;50,58;60,05;64,95
887;;;22,28;49,52;55,19;1:55.06;3:57.30;8:30.09;9:26.66;14:34.93;30:48.94;22:13;46:03;;;;14,37;16,07;50,52;59,99;64,87
886;11;15,04;22,29;49,54;55,21;1:55.10;3:57.38;8:30.28;9:26.91;14:35.25;30:49.67;22:14;46:04;;4,6;6,83;14,36;16,05;50,47;59,92;64,8
885;;15,05;22,3;49,55;55,23;1:55.14;3:57.46;8:30.47;9:27.17;14:35.57;30:50.41;22:15;46:06;;;;14,35;16,03;50,41;59,86;64,73
884;;;;49,57;55,26;1:55.18;3:57.55;8:30.65;9:27.43;14:35.89;30:51.14;22:16;46:08;;;6,82;14,34;16,02;50,36;59,79;64,66
883;11,01;15,06;22,31;49,59;55,28;1:55.21;3:57.63;8:30.84;9:27.68;14:36.21;30:51.88;;46:09;;4,59;;14,33;16;50,3;59,73;64,59
882;;;22,32;49,6;55,3;1:55.25;3:57.71;8:31.03;9:27.94;14:36.53;30:52.61;22:17;46:11;;;6,81;14,32;15,98;50,25;59,66;64,52
881;;15,07;22,33;49,62;55,33;1:55.29;3:57.80;8:31.21;9:28.19;14:36.85;30:53.35;22:18;46:12;;4,58;;14,31;15,97;50,2;59,6;64,45
880;11,02;15,08;;49,64;55,35;1:55.33;3:57.88;8:31.40;9:28.45;14:37.17;30:54.08;22:19;46:14;;;;14,3;15,95;50,14;59,53;64,38
879;;;22,34;49,65;55,37;1:55.37;3:57.96;8:31.59;9:28.71;14:37.49;30:54.82;22:20;46:16;1,96;;6,8;14,29;15,93;50,09;59,47;64,31
878;;15,09;22,35;49,67;55,39;1:55.40;3:58.05;8:31.77;9:28.96;14:37.81;30:55.56;;46:17;;4,57;;14,28;15,92;50,03;59,4;64,24
877;11,03;;22,36;49,69;55,42;1:55.44;3:58.13;8:31.96;9:29.22;14:38.13;30:56.29;22:21;46:19;;;6,79;14,27;15,9;49,98;59,33;64,17
876;;15,1;;49,7;55,44;1:55.48;3:58.21;8:32.15;9:29.48;14:38.45;30:57.03;22:22;46:20;;;;14,26;15,88;49,92;59,27;64,1
875;;15,11;22,37;49,72;55,46;1:55.52;3:58.30;8:32.33;9:29.74;14:38.77;30:57.77;22:23;46:22;;4,56;6,78;14,25;15,87;49,87;59,2;64,03
874;11,04;;22,38;49,74;55,49;1:55.56;3:58.38;8:32.52;9:29.99;14:39.09;30:58.51;22:24;46:24;;;;14,24;15,85;49,81;59,14;63,96
873;;15,12;22,39;49,75;55,51;1:55.59;3:58.47;8:32.71;9:30.25;14:39.41;30:59.25;;46:25;;4,55;6,77;14,23;15,83;49,76;59,07;63,89
872;;15,13;;49,77;55,53;1:55.63;3:58.55;8:32.90;9:30.51;14:39.73;30:59.99;22:25;46:27;;;;14,22;15,81;49,7;59,01;63,81
871;11,05;;22,4;49,79;55,55;1:55.67;3:58.63;8:33.08;9:30.77;14:40.05;31:00.73;22:26;46:28;;;6,76;14,21;15,8;49,65;58,94;63,74
870;;15,14;22,41;49,8;55,58;1:55.71;3:58.72;8:33.27;9:31.02;14:40.37;31:01.47;22:27;46:30;1,95;4,54;;14,2;15,78;49,59;58,88;63,67
869;11,06;;22,42;49,82;55,6;1:55.75;3:58.80;8:33.46;9:31.28;14:40.70;31:02.21;22:28;46:32;;;6,75;14,19;15,76;49,54;58,81;63,6
868;;15,15;;49,84;55,62;1:55.78;3:58.89;8:33.65;9:31.54;14:41.02;31:02.95;22:29;46:33;;;;14,18;15,75;49,48;58,75;63,53
867;;15,16;22,43;49,85;55,65;1:55.82;3:58.97;8:33.83;9:31.80;14:41.34;31:03.69;;46:35;;4,53;6,74;;15,73;49,43;58,68;63,46
866;11,07;;22,44;49,87;55,67;1:55.86;3:59.05;8:34.02;9:32.06;14:41.66;31:04.43;22:30;46:36;;;;14,17;15,71;49,37;58,62;63,39
865;;15,17;22,45;49,89;55,69;1:55.90;3:59.14;8:34.21;9:32.32;14:41.99;31:05.17;22:31;46:38;;4,52;;14,16;15,7;49,32;58,55;63,32
864;;;;49,9;55,72;1:55.94;3:59.22;8:34.40;9:32.57;14:42.31;31:05.92;22:32;46:40;;;6,73;14,15;15,68;49,27;58,49;63,25
863;11,08;15,18;22,46;49,92;55,74;1:55.98;3:59.31;8:34.59;9:32.83;14:42.63;31:06.66;22:33;46:41;;;;14,14;15,66;49,21;58,42;63,18
862;;15,19;22,47;49,94;55,76;1:56.01;3:59.39;8:34.78;9:33.09;14:42.95;31:07.40;;46:43;1,94;4,51;6,72;14,13;15,65;49,16;58,35;63,11
861;;;22,48;49,96;55,78;1:56.05;3:59.48;8:34.97;9:33.35;14:43.28;31:08.15;22:34;46:44;;;;14,12;15,63;49,1;58,29;63,04
860;11,09;15,2;;49,97;55,81;1:56.09;3:59.56;8:35.15;9:33.61;14:43.60;31:08.89;22:35;46:46;;;6,71;14,11;15,61;49,05;58,22;62,97
859;;15,21;22,49;49,99;55,83;1:56.13;3:59.65;8:35.34;9:33.87;14:43.92;31:09.64;22:36;46:48;;4,5;;14,1;15,6;48,99;58,16;62,9
858;;;22,5;50,01;55,85;1:56.17;3:59.73;8:35.53;9:34.13;14:44.25;31:10.38;22:37;46:49;;;6,7;14,09;15,58;48,94;58,09;62,83
857;11,1;15,22;22,51;50,02;55,88;1:56.21;3:59.82;8:35.72;9:34.39;14:44.57;31:11.13;22:38;46:51;;4,49;;14,08;15,56;48,88;58,03;62,75
856;;;;50,04;55,9;1:56.24;3:59.90;8:35.91;9:34.65;14:44.90;31:11.88;;46:52;;;6,69;14,07;15,54;48,83;57,96;62,68
855;;15,23;22,52;50,06;55,92;1:56.28;3:59.98;8:36.10;9:34.91;14:45.22;31:12.62;22:39;46:54;;;;14,06;15,53;48,77;57,9;62,61
854;11,11;15,24;22,53;50,07;55,95;1:56.32;4:00.07;8:36.29;9:35.17;14:45.54;31:13.37;22:40;46:56;;4,48;6,68;14,05;15,51;48,72;57,83;62,54
853;;;22,54;50,09;55,97;1:56.36;4:00.15;8:36.48;9:35.43;14:45.87;31:14.12;22:41;46:57;1,93;;;14,04;15,49;48,66;57,77;62,47
852;;15,25;;50,11;55,99;1:56.40;4:00.24;8:36.67;9:35.69;14:46.19;31:14.87;22:42;46:59;;;6,67;14,03;15,48;48,61;57,7;62,4
851;11,12;;22,55;50,12;56,02;1:56.44;4:00.32;8:36.86;9:35.95;14:46.52;31:15.61;;47:01;;4,47;;14,02;15,46;48,55;57,64;62,33
850;;15,26;22,56;50,14;56,04;1:56.47;4:00.41;8:37.05;9:36.21;14:46.84;31:16.36;22:43;47:02;;;6,66;14,01;15,44;48,5;57,57;
849;;15,27;22,57;50,16;56,06;1:56.51;4:00.49;8:37.24;9:36.48;14:47.17;31:17.11;22:44;47:04;;4,46;;14;15,43;48,45;57,5;
848;11,13;;;50,18;56,09;1:56.55;4:00.58;8:37.43;9:36.74;14:47.50;31:17.86;22:45;47:05;;;;13,99;15,41;48,39;57,44;
847;;15,28;22,58;50,19;56,11;1:56.59;4:00.66;8:37.62;9:37.00;14:47.82;31:18.61;22:46;47:07;;;6,65;13,98;15,39;48,34;57,37;
846;;15,29;22,59;50,21;56,13;1:56.63;4:00.75;8:37.81;9:37.26;14:48.15;31:19.36;22:47;47:09;;4,45;;13,97;15,38;48,28;57,31;
845;11,14;;22,6;50,23;56,16;1:56.67;4:00.84;8:38.00;9:37.52;14:48.47;31:20.11;;47:10;;;6,64;13,96;15,36;48,23;57,24;
844;;15,3;22,61;50,24;56,18;1:56.71;4:00.92;8:38.19;9:37.78;14:48.80;31:20.87;22:48;47:12;1,92;;;13,95;15,34;48,17;57,18;
843;;;;50,26;56,2;1:56.74;4:01.01;8:38.38;9:38.05;14:49.13;31:21.62;22:49;47:14;;4,44;6,63;13,94;15,33;48,12;57,11;
842;11,15;15,31;22,62;50,28;56,23;1:56.78;4:01.09;8:38.57;9:38.31;14:49.45;31:22.37;22:50;47:15;;;;13,93;15,31;48,06;57,05;
841;;15,32;22,63;50,29;56,25;1:56.82;4:01.18;8:38.76;9:38.57;14:49.78;31:23.12;22:51;47:17;;4,43;6,62;;15,29;48,01;56,98;
840;11,16;;22,64;50,31;56,27;1:56.86;4:01.26;8:38.95;9:38.83;14:50.11;31:23.88;;47:18;;;;13,92;15,27;47,95;56,92;
839;;15,33;;50,33;56,3;1:56.90;4:01.35;8:39.14;9:39.09;14:50.44;31:24.63;22:52;47:20;;;6,61;13,91;15,26;47,9;56,85;
838;;15,34;22,65;50,35;56,32;1:56.94;4:01.43;8:39.34;9:39.36;14:50.76;31:25.39;22:53;47:22;;4,42;;13,9;15,24;47,84;56,78;
837;11,17;;22,66;50,36;56,34;1:56.98;4:01.52;8:39.53;9:39.62;14:51.09;31:26.14;22:54;47:23;;;6,6;13,89;15,22;47,79;56,72;
836;;15,35;22,67;50,38;56,37;1:57.02;4:01.60;8:39.72;9:39.88;14:51.42;31:26.90;22:55;47:25;1,91;;;13,88;15,21;47,73;56,65;
835;;;;50,4;56,39;1:57.06;4:01.69;8:39.91;9:40.15;14:51.75;31:27.65;22:56;47:27;;4,41;6,59;13,87;15,19;47,68;56,59;
834;11,18;15,36;22,68;50,41;56,41;1:57.09;4:01.78;8:40.10;9:40.41;14:52.08;31:28.41;;47:28;;;;13,86;15,17;47,62;56,52;
833;;15,37;22,69;50,43;56,44;1:57.13;4:01.86;8:40.29;9:40.67;14:52.40;31:29.16;22:57;47:30;;4,4;6,58;13,85;15,16;47,57;56,46;
832;;;22,7;50,45;56,46;1:57.17;4:01.95;8:40.49;9:40.94;14:52.73;31:29.92;22:58;47:32;;;;13,84;15,14;47,52;56,39;
831;11,19;15,38;22,71;50,47;56,48;1:57.21;4:02.03;8:40.68;9:41.20;14:53.06;31:30.68;22:59;47:33;;;;13,83;15,12;47,46;56,33;
830;;15,39;;50,48;56,51;1:57.25;4:02.12;8:40.87;9:41.47;14:53.39;31:31.44;23:00;47:35;;4,39;6,57;13,82;15,11;47,41;56,26;
829;;;22,72;50,5;56,53;1:57.29;4:02.21;8:41.06;9:41.73;14:53.72;31:32.19;23:01;47:36;;;;13,81;15,09;47,35;56,2;
828;11,2;15,4;22,73;50,52;56,55;1:57.33;4:02.29;8:41.26;9:41.99;14:54.05;31:32.95;;47:38;;;6,56;13,8;15,07;47,3;56,13;
827;;;22,74;50,53;56,58;1:57.37;4:02.38;8:41.45;9:42.26;14:54.38;31:33.71;23:02;47:40;1,9;4,38;;13,79;15,06;47,24;56,07;
826;;15,41;;50,55;56,6;1:57.41;4:02.46;8:41.64;9:42.52;14:54.71;31:34.47;23:03;47:41;;;6,55;13,78;15,04;47,19;56;
825;11,21;15,42;22,75;50,57;56,62;1:57.45;4:02.55;8:41.83;9:42.79;14:55.04;31:35.23;23:04;47:43;;4,37;;13,77;15,02;47,13;55,93;
824;;;22,76;50,59;56,65;1:57.48;4:02.64;8:42.03;9:43.05;14:55.37;31:35.99;23:05;47:45;;;6,54;13,76;15,01;47,08;55,87;
823;;15,43;22,77;50,6;56,67;1:57.52;4:02.72;8:42.22;9:43.32;14:55.70;31:36.75;23:06;47:46;;;;13,75;14,99;47,02;55,8;
822;11,22;15,44;;50,62;56,69;1:57.56;4:02.81;8:42.41;9:43.58;14:56.03;31:37.52;;47:48;;4,36;6,53;13,74;14,97;46,97;55,74;
821;;;22,78;50,64;56,72;1:57.60;4:02.90;8:42.61;9:43.85;14:56.36;31:38.28;23:07;47:50;;;;13,73;14,95;46,91;55,67;
820;11,23;15,45;22,79;50,66;56,74;1:57.64;4:02.98;8:42.80;9:44.12;14:56.69;31:39.04;23:08;47:51;;;6,52;13,72;14,94;46,86;55,61;
819;;;22,8;50,67;56,77;1:57.68;4:03.07;8:42.99;9:44.38;14:57.03;31:39.80;23:09;47:53;;4,35;;13,71;14,92;46,8;55,54;
818;;15,46;22,81;50,69;56,79;1:57.72;4:03.16;8:43.19;9:44.65;14:57.36;31:40.57;23:10;47:55;1,89;;6,51;13,7;14,9;46,75;55,48;
817;11,24;15,47;;50,71;56,81;1:57.76;4:03.24;8:43.38;9:44.91;14:57.69;31:41.33;23:11;47:56;;4,34;;13,69;14,89;46,69;55,41;
816;;;22,82;50,72;56,84;1:57.80;4:03.33;8:43.57;9:45.18;14:58.02;31:42.10;;47:58;;;6,5;13,68;14,87;46,64;55,35;
815;;15,48;22,83;50,74;56,86;1:57.84;4:03.42;8:43.77;9:45.45;14:58.35;31:42.86;23:12;48:00;;;;13,67;14,85;46,58;55,28;
814;11,25;15,49;22,84;50,76;56,88;1:57.88;4:03.50;8:43.96;9:45.71;14:58.68;31:43.63;23:13;48:01;;4,33;6,49;13,66;14,84;46,53;55,21;
813;;;;50,78;56,91;1:57.92;4:03.59;8:44.16;9:45.98;14:59.02;31:44.39;23:14;48:03;;;;;14,82;46,48;55,15;
812;;15,5;22,85;50,79;56,93;1:57.96;4:03.68;8:44.35;9:46.25;14:59.35;31:45.16;23:15;48:05;;;;13,65;14,8;46,42;55,08;
811;11,26;15,51;22,86;50,81;56,95;1:58.00;4:03.77;8:44.54;9:46.51;14:59.68;31:45.93;23:16;48:06;;4,32;6,48;13,64;14,79;46,37;55,02;
810;;;22,87;50,83;56,98;1:58.03;4:03.85;8:44.74;9:46.78;15:00.02;31:46.69;;48:08;1,88;;;13,63;14,77;46,31;54,95;
809;;15,52;22,88;50,85;57;1:58.07;4:03.94;8:44.93;9:47.05;15:00.35;31:47.46;23:17;48:09;;4,31;6,47;13,62;14,75;46,26;54,89;
808;11,27;;;50,86;57,03;1:58.11;4:04.03;8:45.13;9:47.32;15:00.68;31:48.23;23:18;48:11;;;;13,61;14,74;46,2;54,82;
807;;15,53;22,89;50,88;57,05;1:58.15;4:04.11;8:45.32;9:47.58;15:01.02;31:49.00;23:19;48:13;;;6,46;13,6;14,72;46,15;54,76;
806;;15,54;22,9;50,9;57,07;1:58.19;4:04.20;8:45.52;9:47.85;15:01.35;31:49.77;23:20;48:14;;4,3;;13,59;14,7;46,09;54,69;
805;11,28;;22,91;50,92;57,1;1:58.23;4:04.29;8:45.71;9:48.12;15:01.69;31:50.54;23:21;48:16;;;6,45;13,58;14,68;46,04;54,63;
804;;15,55;;50,93;57,12;1:58.27;4:04.38;8:45.91;9:48.39;15:02.02;31:51.31;23:22;48:18;;;;13,57;14,67;45,98;54,56;
803;11,29;15,56;22,92;50,95;57,15;1:58.31;4:04.46;8:46.10;9:48.66;15:02.35;31:52.08;;48:19;;4,29;6,44;13,56;14,65;45,93;54,49;
802;;;22,93;50,97;57,17;1:58.35;4:04.55;8:46.30;9:48.93;15:02.69;31:52.85;23:23;48:21;;;;13,55;14,63;45,87;54,43;
801;;15,57;22,94;50,99;57,19;1:58.39;4:04.64;8:46.50;9:49.20;15:03.02;31:53.62;23:24;48:23;1,87;4,28;6,43;13,54;14,62;45,82;54,36;
800;11,3;15,58;22,95;51;57,22;1:58.43;4:04.73;8:46.69;9:49.46;15:03.36;31:54.39;23:25;48:24;;;;13,53;14,6;45,76;54,3;58,72
799;;;;51,02;57,24;1:58.47;4:04.81;8:46.89;9:49.73;15:03.70;31:55.16;23:26;48:26;;;6,42;13,52;14,58;45,71;54,23;58,65
798;;15,59;22,96;51,04;57,26;1:58.51;4:04.90;8:47.08;9:50.00;15:04.03;31:55.94;23:27;48:28;;4,27;;13,51;14,57;45,65;54,17;58,58
797;11,31;;22,97;51,06;57,29;1:58.55;4:04.99;8:47.28;9:50.27;15:04.37;31:56.71;;48:30;;;6,41;13,5;14,55;45,6;54,1;58,51
796;;15,6;22,98;51,07;57,31;1:58.59;4:05.08;8:47.48;9:50.54;15:04.70;31:57.48;23:28;48:31;;;;13,49;14,53;45,54;54,04;58,44
795;;15,61;22,99;51,09;57,34;1:58.63;4:05.17;8:47.67;9:50.81;15:05.04;31:58.26;23:29;48:33;;4,26;;13,48;14,52;45,49;53,97;58,37
794;11,32;;;51,11;57,36;1:58.67;4:05.25;8:47.87;9:51.08;15:05.38;31:59.03;23:30;48:35;;;6,4;13,47;14,5;45,43;53,91;58,3
793;;15,62;23;51,13;57,38;1:58.71;4:05.34;8:48.06;9:51.35;15:05.71;31:59.81;23:31;48:36;;4,25;;13,46;14,48;45,38;53,84;58,23
792;;15,63;23,01;51,14;57,41;1:58.75;4:05.43;8:48.26;9:51.62;15:06.05;32:00.58;23:32;48:38;1,86;;6,39;13,45;14,46;45,32;53,77;58,15
791;11,33;;23,02;51,16;57,43;1:58.79;4:05.52;8:48.46;9:51.89;15:06.39;32:01.36;23:33;48:40;;;;13,44;14,45;45,27;53,71;58,08
790;;15,64;;51,18;57,46;1:58.83;4:05.61;8:48.66;9:52.16;15:06.72;32:02.14;;48:41;;4,24;6,38;13,43;14,43;45,22;53,64;58,01
789;11,34;15,65;23,03;51,2;57,48;1:58.87;4:05.69;8:48.85;9:52.43;15:07.06;32:02.92;23:34;48:43;;;;13,42;14,41;45,16;53,58;57,94
788;;;23,04;51,21;57,51;1:58.91;4:05.78;8:49.05;9:52.71;15:07.40;32:03.69;23:35;48:45;;4,23;6,37;13,41;14,4;45,11;53,51;57,87
787;;15,66;23,05;51,23;57,53;1:58.95;4:05.87;8:49.25;9:52.98;15:07.74;32:04.47;23:36;48:46;;;;13,4;14,38;45,05;53,45;57,8
786;11,35;15,67;23,06;51,25;57,55;1:58.99;4:05.96;8:49.44;9:53.25;15:08.08;32:05.25;23:37;48:48;;;6,36;13,39;14,36;45;53,38;57,73
785;;;;51,27;57,58;1:59.03;4:06.05;8:49.64;9:53.52;15:08.41;32:06.03;23:38;48:50;;4,22;;13,38;14,35;44,94;53,32;57,66
784;;15,68;23,07;51,28;57,6;1:59.07;4:06.14;8:49.84;9:53.79;15:08.75;32:06.81;23:39;48:51;1,85;;6,35;13,37;14,33;44,89;53,25;57,59
783;11,36;;23,08;51,3;57,63;1:59.11;4:06.22;8:50.04;9:54.06;15:09.09;32:07.59;;48:53;;;;13,36;14,31;44,83;53,18;57,52
782;;15,69;23,09;51,32;57,65;1:59.15;4:06.31;8:50.24;9:54.34;15:09.43;32:08.37;23:40;48:55;;4,21;6,34;;14,3;44,78;53,12;57,45
781;;15,7;23,1;51,34;57,67;1:59.19;4:06.40;8:50.43;9:54.61;15:09.77;32:09.15;23:41;48:56;;;;13,35;14,28;44,72;53,05;57,38
780;11,37;;;51,36;57,7;1:59.23;4:06.49;8:50.63;9:54.88;15:10.11;32:09.93;23:42;48:58;;4,2;6,33;13,34;14,26;44,67;52,99;57,3
779;;15,71;23,11;51,37;57,72;1:59.27;4:06.58;8:50.83;9:55.15;15:10.45;32:10.72;23:43;49:00;;;;13,33;14,25;44,61;52,92;57,23
778;;15,72;23,12;51,39;57,75;1:59.31;4:06.67;8:51.03;9:55.43;15:10.79;32:11.50;23:44;49:02;;;6,32;13,32;14,23;44,56;52,86;57,16
777;11,38;;23,13;51,41;57,77;1:59.35;4:06.76;8:51.23;9:55.70;15:11.13;32:12.28;23:45;49:03;;4,19;;13,31;14,21;44,5;52,79;57,09
776;;15,73;23,14;51,43;57,8;1:59.39;4:06.85;8:51.43;9:55.97;15:11.47;32:13.07;;49:05;;;;13,3;14,19;44,45;52,73;57,02
775;11,39;15,74;;51,44;57,82;1:59.43;4:06.94;8:51.63;9:56.24;15:11.81;32:13.85;23:46;49:07;1,84;;6,31;13,29;14,18;44,39;52,66;56,95
774;;;23,15;51,46;57,84;1:59.47;4:07.02;8:51.82;9:56.52;15:12.15;32:14.64;23:47;49:08;;4,18;;13,28;14,16;44,34;52,6;56,88
773;;15,75;23,16;51,48;57,87;1:59.51;4:07.11;8:52.02;9:56.79;15:12.49;32:15.42;23:48;49:10;;;6,3;13,27;14,14;44,28;52,53;56,81
772;11,4;15,76;23,17;51,5;57,89;1:59.55;4:07.20;8:52.22;9:57.07;15:12.83;32:16.21;23:49;49:12;;4,17;;13,26;14,13;44,23;52,46;56,74
771;;;23,18;51,52;57,92;1:59.59;4:07.29;8:52.42;9:57.34;15:13.18;32:16.99;23:50;49:13;;;6,29;13,25;14,11;44,17;52,4;56,67
770;;15,77;;51,53;57,94;1:59.63;4:07.38;8:52.62;9:57.61;15:13.52;32:17.78;23:51;49:15;;;;13,24;14,09;44,12;52,33;56,6
769;11,41;15,78;23,19;51,55;57,97;1:59.67;4:07.47;8:52.82;9:57.89;15:13.86;32:18.57;;49:17;;4,16;6,28;13,23;14,08;44,06;52,27;56,53
768;;;23,2;51,57;57,99;1:59.72;4:07.56;8:53.02;9:58.16;15:14.20;32:19.36;23:52;49:19;;;;13,22;14,06;44,01;52,2;56,45
767;;15,79;23,21;51,59;58,01;1:59.76;4:07.65;8:53.22;9:58.44;15:14.54;32:20.14;23:53;49:20;;;6,27;13,21;14,04;43,96;52,14;56,38
766;11,42;;23,22;51,6;58,04;1:59.80;4:07.74;8:53.42;9:58.71;15:14.89;32:20.93;23:54;49:22;1,83;4,15;;13,2;14,03;43,9;52,07;56,31
765;;15,8;;51,62;58,06;1:59.84;4:07.83;8:53.62;9:58.99;15:15.23;32:21.72;23:55;49:24;;;6,26;13,19;14,01;43,85;52,01;56,24
764;11,43;15,81;23,23;51,64;58,09;1:59.88;4:07.92;8:53.82;9:59.26;15:15.57;32:22.51;23:56;49:25;;4,14;;13,18;13,99;43,79;51,94;56,17
763;;;23,24;51,66;58,11;1:59.92;4:08.01;8:54.02;9:59.54;15:15.92;32:23.30;23:57;49:27;;;6,25;13,17;13,98;43,74;51,87;56,1
762;;15,82;23,25;51,68;58,14;1:59.96;4:08.10;8:54.22;9:59.81;15:16.26;32:24.09;;49:29;;;;13,16;13,96;43,68;51,81;56,03
761;11,44;15,83;23,26;51,69;58,16;2:00.00;4:08.19;8:54.42;10:00.09;15:16.60;32:24.89;23:58;49:31;;4,13;6,24;13,15;13,94;43,63;51,74;55,96
760;;;;51,71;58,19;2:00.04;4:08.28;8:54.62;10:00.37;15:16.95;32:25.68;23:59;49:32;;;;13,14;13,92;43,57;51,68;55,89
759;;15,84;23,27;51,73;58,21;2:00.08;4:08.37;8:54.82;10:00.64;15:17.29;32:26.47;24:00;49:34;;;6,23;13,13;13,91;43,52;51,61;55,82
758;11,45;15,85;23,28;51,75;58,24;2:00.12;4:08.46;8:55.03;10:00.92;15:17.64;32:27.26;24:01;49:36;1,82;4,12;;13,12;13,89;43,46;51,55;55,75
757;;;23,29;51,77;58,26;2:00.16;4:08.55;8:55.23;10:01.19;15:17.98;32:28.06;24:02;49:37;;;;13,11;13,87;43,41;51,48;55,67
756;;15,86;23,3;51,78;58,28;2:00.20;4:08.64;8:55.43;10:01.47;15:18.33;32:28.85;24:03;49:39;;4,11;6,22;13,1;13,86;43,35;51,42;55,6
755;11,46;15,87;;51,8;58,31;2:00.24;4:08.73;8:55.63;10:01.75;15:18.67;32:29.65;24:04;49:41;;;;13,09;13,84;43,3;51,35;55,53
754;;;23,31;51,82;58,33;2:00.29;4:08.82;8:55.83;10:02.03;15:19.02;32:30.44;;49:43;;;6,21;13,08;13,82;43,24;51,28;55,46
753;11,47;15,88;23,32;51,84;58,36;2:00.33;4:08.91;8:56.03;10:02.30;15:19.36;32:31.24;24:05;49:44;;4,1;;13,07;13,81;43,19;51,22;55,39
752;;15,89;23,33;51,86;58,38;2:00.37;4:09.00;8:56.24;10:02.58;15:19.71;32:32.03;24:06;49:46;;;6,2;13,06;13,79;43,13;51,15;55,32
751;;;23,34;51,87;58,41;2:00.41;4:09.09;8:56.44;10:02.86;15:20.05;32:32.83;24:07;49:48;;;;13,05;13,77;43,08;51,09;55,25
750;11,48;15,9;;51,89;58,43;2:00.45;4:09.18;8:56.64;10:03.14;15:20.40;32:33.63;24:08;49:49;;4,09;6,19;13,04;13,76;43,02;51,02;55,18
749;;15,91;23,35;51,91;58,46;2:00.49;4:09.27;8:56.84;10:03.41;15:20.75;32:34.42;24:09;49:51;1,81;;;;13,74;42,97;50,96;55,11
748;;;23,36;51,93;58,48;2:00.53;4:09.36;8:57.04;10:03.69;15:21.09;32:35.22;24:10;49:53;;4,08;6,18;13,03;13,72;42,91;50,89;55,04
747;11,49;15,92;23,37;51,95;58,51;2:00.57;4:09.45;8:57.25;10:03.97;15:21.44;32:36.02;24:11;49:55;;;;13,02;13,7;42,86;50,83;54,97
746;;15,93;23,38;51,96;58,53;2:00.61;4:09.54;8:57.45;10:04.25;15:21.79;32:36.82;;49:56;;;6,17;13,01;13,69;42,8;50,76;54,9
745;11,5;;;51,98;58,56;2:00.65;4:09.63;8:57.65;10:04.53;15:22.14;32:37.62;24:12;49:58;;4,07;;13;13,67;42,75;50,69;54,82
744;;15,94;23,39;52;58,58;2:00.70;4:09.72;8:57.86;10:04.81;15:22.48;32:38.42;24:13;50:00;;;6,16;12,99;13,65;42,69;50,63;54,75
743;;15,95;23,4;52,02;58,61;2:00.74;4:09.82;8:58.06;10:05.09;15:22.83;32:39.22;24:14;50:02;;;;12,98;13,64;42,64;50,56;54,68
742;11,51;;23,41;52,04;58,63;2:00.78;4:09.91;8:58.26;10:05.36;15:23.18;32:40.02;24:15;50:03;;4,06;6,15;12,97;13,62;42,58;50,5;54,61
741;;15,96;23,42;52,06;58,66;2:00.82;4:10.00;8:58.47;10:05.64;15:23.53;32:40.83;24:16;50:05;1,8;;;12,96;13,6;42,53;50,43;54,54
740;;15,97;23,43;52,07;58,68;2:00.86;4:10.09;8:58.67;10:05.92;15:23.88;32:41.63;24:17;50:07;;4,05;6,14;12,95;13,59;42,47;50,37;54,47
739;11,52;;;52,09;58,71;2:00.90;4:10.18;8:58.87;10:06.20;15:24.22;32:42.43;24:18;50:09;;;;12,94;13,57;42,42;50,3;54,4
738;;15,98;23,44;52,11;58,73;2:00.94;4:10.27;8:59.08;10:06.48;15:24.57;32:43.24;;50:10;;;6,13;12,93;13,55;42,36;50,24;54,33
737;;15,99;23,45;52,13;58,76;2:00.98;4:10.36;8:59.28;10:06.76;15:24.92;32:44.04;24:19;50:12;;4,04;;12,92;13,54;42,31;50,17;54,26
736;11,53;;23,46;52,15;58,78;2:01.03;4:10.45;8:59.48;10:07.04;15:25.27;32:44.85;24:20;50:14;;;;12,91;13,52;42,26;50,1;54,19
735;;16;23,47;52,16;58,81;2:01.07;4:10.55;8:59.69;10:07.32;15:25.62;32:45.65;24:21;50:15;;4,03;6,12;12,9;13,5;42,2;50,04;54,12
734;11,54;16,01;;52,18;58,83;2:01.11;4:10.64;8:59.89;10:07.61;15:25.97;32:46.46;24:22;50:17;;;;12,89;13,48;42,15;49,97;54,04
733;;;23,48;52,2;58,85;2:01.15;4:10.73;9:00.10;10:07.89;15:26.32;32:47.26;24:23;50:19;;;6,11;12,88;13,47;42,09;49,91;53,97
732;;16,02;23,49;52,22;58,88;2:01.19;4:10.82;9:00.30;10:08.17;15:26.67;32:48.07;24:24;50:21;1,79;4,02;;12,87;13,45;42,04;49,84;53,9
731;11,55;16,03;23,5;52,24;58,91;2:01.23;4:10.91;9:00.51;10:08.45;15:27.02;32:48.88;24:25;50:22;;;6,1;12,86;13,43;41,98;49,78;53,83
730;;;23,51;52,26;58,93;2:01.28;4:11.00;9:00.71;10:08.73;15:27.38;32:49.69;24:26;50:24;;;;12,85;13,42;41,93;49,71;53,76
729;;16,04;23,52;52,27;58,96;2:01.32;4:11.10;9:00.92;10:09.01;15:27.73;32:50.49;;50:26;;4,01;6,09;12,84;13,4;41,87;49,65;53,69
728;11,56;16,05;;52,29;58,98;2:01.36;4:11.19;9:01.12;10:09.29;15:28.08;32:51.30;24:27;50:28;;;;12,83;13,38;41,82;49,58;53,62
727;;;23,53;52,31;59,01;2:01.40;4:11.28;9:01.33;10:09.58;15:28.43;32:52.11;24:28;50:29;;4;6,08;12,82;13,37;41,76;49,51;53,55
726;11,57;16,06;23,54;52,33;59,03;2:01.44;4:11.37;9:01.53;10:09.86;15:28.78;32:52.92;24:29;50:31;;;;12,81;13,35;41,71;49,45;53,48
725;;16,07;23,55;52,35;59,06;2:01.48;4:11.46;9:01.74;10:10.14;15:29.13;32:53.73;24:30;50:33;;;6,07;12,8;13,33;41,65;49,38;53,41
724;;;23,56;52,37;59,08;2:01.53;4:11.56;9:01.94;10:10.42;15:29.49;32:54.55;24:31;50:35;;3,99;;12,79;13,32;41,6;49,32;53,34
723;11,58;16,08;23,57;52,38;59,11;2:01.57;4:11.65;9:02.15;10:10.71;15:29.84;32:55.36;24:32;50:36;1,78;;6,06;12,78;13,3;41,54;49,25;53,26
722;;16,09;;52,4;59,13;2:01.61;4:11.74;9:02.36;10:10.99;15:30.19;32:56.17;24:33;50:38;;;;12,77;13,28;41,49;49,19;53,19
721;;;23,58;52,42;59,16;2:01.65;4:11.83;9:02.56;10:11.27;15:30.55;32:56.98;24:34;50:40;;3,98;6,05;12,76;13,27;41,43;49,12;53,12
720;11,59;16,1;23,59;52,44;59,18;2:01.69;4:11.92;9:02.77;10:11.56;15:30.90;32:57.80;;50:42;;;;12,75;13,25;41,38;49,06;53,05
719;;16,11;23,6;52,46;59,21;2:01.73;4:12.02;9:02.98;10:11.84;15:31.25;32:58.61;24:35;50:44;;3,97;6,04;12,74;13,23;41,32;48,99;52,98
718;11,6;;23,61;52,48;59,23;2:01.78;4:12.11;9:03.18;10:12.13;15:31.61;32:59.43;24:36;50:45;;;;12,73;13,21;41,27;48,92;52,91
717;;16,12;;52,49;59,26;2:01.82;4:12.20;9:03.39;10:12.41;15:31.96;33:00.24;24:37;50:47;;;6,03;12,72;13,2;41,21;48,86;52,84
716;;16,13;23,62;52,51;59,28;2:01.86;4:12.29;9:03.60;10:12.69;15:32.31;33:01.06;24:38;50:49;;3,96;;12,71;13,18;41,16;48,79;52,77
715;11,61;;23,63;52,53;59,31;2:01.90;4:12.39;9:03.80;10:12.98;15:32.67;33:01.88;24:39;50:51;1,77;;;12,7;13,16;41,1;48,73;52,7
714;;16,14;23,64;52,55;59,33;2:01.94;4:12.48;9:04.01;10:13.26;15:33.02;33:02.69;24:40;50:52;;;6,02;12,69;13,15;41,05;48,66;52,63
713;;16,15;23,65;52,57;59,36;2:01.99;4:12.57;9:04.22;10:13.55;15:33.38;33:03.51;24:41;50:54;;3,95;;;13,13;40,99;48,6;52,55
712;11,62;;23,66;52,59;59,38;2:02.03;4:12.67;9:04.42;10:13.83;15:33.73;33:04.33;24:42;50:56;;;6,01;12,68;13,11;40,94;48,53;52,48
711;;16,16;;52,61;59,41;2:02.07;4:12.76;9:04.63;10:14.12;15:34.09;33:05.15;;50:58;;3,94;;12,67;13,1;40,88;48,46;52,41
710;11,63;16,17;23,67;52,62;59,43;2:02.11;4:12.85;9:04.84;10:14.40;15:34.45;33:05.97;24:43;50:59;;;6;12,66;13,08;40,83;48,4;52,34
709;;;23,68;52,64;59,46;2:02.16;4:12.94;9:05.05;10:14.69;15:34.80;33:06.79;24:44;51:01;;;;12,65;13,06;40,77;48,33;52,27
708;;16,18;23,69;52,66;59,49;2:02.20;4:13.04;9:05.26;10:14.98;15:35.16;33:07.61;24:45;51:03;;3,93;5,99;12,64;13,05;40,72;48,27;52,2
707;11,64;16,19;23,7;52,68;59,51;2:02.24;4:13.13;9:05.46;10:15.26;15:35.52;33:08.43;24:46;51:05;;;;12,63;13,03;40,66;48,2;52,13
706;;;23,71;52,7;59,54;2:02.28;4:13.22;9:05.67;10:15.55;15:35.87;33:09.25;24:47;51:07;1,76;3,92;5,98;12,62;13,01;40,61;48,14;52,06
705;;16,2;;52,72;59,56;2:02.32;4:13.32;9:05.88;10:15.83;15:36.23;33:10.07;24:48;51:08;;;;12,61;12,99;40,55;48,07;51,99
704;11,65;16,21;23,72;52,74;59,59;2:02.37;4:13.41;9:06.09;10:16.12;15:36.59;33:10.90;24:49;51:10;;;5,97;12,6;12,98;40,5;48,01;51,92
703;;16,22;23,73;52,75;59,61;2:02.41;4:13.50;9:06.30;10:16.41;15:36.94;33:11.72;24:50;51:12;;3,91;;12,59;12,96;40,44;47,94;51,85
702;11,66;;23,74;52,77;59,64;2:02.45;4:13.60;9:06.51;10:16.70;15:37.30;33:12.54;24:51;51:14;;;5,96;12,58;12,94;40,39;47,87;51,77
701;;16,23;23,75;52,79;59,66;2:02.49;4:13.69;9:06.72;10:16.98;15:37.66;33:13.37;24:52;51:15;;;;12,57;12,93;40,33;47,81;51,7
700;;16,24;23,76;52,81;59,69;2:02.54;4:13.79;9:06.93;10:17.27;15:38.02;33:14.19;;51:17;;3,9;5,95;12,56;12,91;40,28;47,74;51,63
699;11,67;;;52,83;59,71;2:02.58;4:13.88;9:07.14;10:17.56;15:38.38;33:15.02;24:53;51:19;;;;12,55;12,89;40,22;47,68;51,56
698;;16,25;23,77;52,85;59,74;2:02.62;4:13.97;9:07.34;10:17.85;15:38.74;33:15.85;24:54;51:21;1,75;3,89;5,94;12,54;12,88;40,17;47,61;51,49
697;11,68;16,26;23,78;52,87;59,77;2:02.66;4:14.07;9:07.55;10:18.13;15:39.10;33:16.67;24:55;51:23;;;;12,53;12,86;40,12;47,55;51,42
696;;;23,79;52,89;59,79;2:02.71;4:14.16;9:07.76;10:18.42;15:39.46;33:17.50;24:56;51:24;;;5,93;12,52;12,84;40,06;47,48;51,35
695;;16,27;23,8;52,9;59,82;2:02.75;4:14.25;9:07.97;10:18.71;15:39.82;33:18.33;24:57;51:26;;3,88;;12,51;12,83;40,01;47,41;51,28
694;11,69;16,28;23,81;52,92;59,84;2:02.79;4:14.35;9:08.18;10:19.00;15:40.18;33:19.16;24:58;51:28;;;;12,5;12,81;39,95;47,35;51,21
693;;;23,82;52,94;59,87;2:02.83;4:14.44;9:08.39;10:19.29;15:40.54;33:19.99;24:59;51:30;;;5,92;12,49;12,79;39,9;47,28;51,14
692;;16,29;;52,96;59,89;2:02.88;4:14.54;9:08.61;10:19.58;15:40.90;33:20.82;25:00;51:32;;3,87;;12,48;12,77;39,84;47,22;51,06
691;11,7;16,3;23,83;52,98;59,92;2:02.92;4:14.63;9:08.82;10:19.87;15:41.26;33:21.65;25:01;51:33;;;5,91;12,47;12,76;39,79;47,15;50,99
690;;;23,84;53;59,95;2:02.96;4:14.73;9:09.03;10:20.16;15:41.62;33:22.48;;51:35;;3,86;;12,46;12,74;39,73;47,09;50,92
689;11,71;16,31;23,85;53,02;59,97;2:03.01;4:14.82;9:09.24;10:20.45;15:41.98;33:23.31;25:02;51:37;1,74;;5,9;12,45;12,72;39,68;47,02;50,85
688;;16,32;23,86;53,04;1:00.00;2:03.05;4:14.91;9:09.45;10:20.74;15:42.34;33:24.14;25:03;51:39;;;;12,44;12,71;39,62;46,96;50,78
687;;;23,87;53,06;1:00.02;2:03.09;4:15.01;9:09.66;10:21.03;15:42.70;33:24.98;25:04;51:41;;3,85;5,89;12,43;12,69;39,57;46,89;50,71
686;11,72;16,33;;53,07;1:00.05;2:03.13;4:15.10;9:09.87;10:21.32;15:43.06;33:25.81;25:05;51:42;;;;12,42;12,67;39,51;46,82;50,64
685;;16,34;23,88;53,09;1:00.07;2:03.18;4:15.20;9:10.08;10:21.61;15:43.43;33:26.64;25:06;51:44;;;5,88;12,41;12,66;39,46;46,76;50,57
684;11,73;16,35;23,89;53,11;1:00.10;2:03.22;4:15.29;9:10.29;10:21.90;15:43.79;33:27.48;25:07;51:46;;3,84;;12,4;12,64;39,4;46,69;50,5
683;;;23,9;53,13;1:00.13;2:03.26;4:15.39;9:10.51;10:22.19;15:44.15;33:28.31;25:08;51:48;;;5,87;12,39;12,62;39,35;46,63;50,43
682;;16,36;23,91;53,15;1:00.15;2:03.31;4:15.48;9:10.72;10:22.48;15:44.52;33:29.15;25:09;51:50;;3,83;;12,38;12,61;39,29;46,56;50,35
681;11,74;16,37;23,92;53,17;1:00.18;2:03.35;4:15.58;9:10.93;10:22.77;15:44.88;33:29.99;25:10;51:51;;;5,86;12,37;12,59;39,24;46,5;50,28
680;;;23,93;53,19;1:00.20;2:03.39;4:15.67;9:11.14;10:23.07;15:45.24;33:30.82;25:11;51:53;1,73;;;12,36;12,57;39,18;46,43;50,21
679;;16,38;;53,21;1:00.23;2:03.43;4:15.77;9:11.36;10:23.36;15:45.61;33:31.66;25:12;51:55;;3,82;5,85;12,35;12,55;39,13;46,36;50,14
678;11,75;16,39;23,94;53,23;1:00.26;2:03.48;4:15.86;9:11.57;10:23.65;15:45.97;33:32.50;;51:57;;;;12,34;12,54;39,07;46,3;50,07
677;;;23,95;53,24;1:00.28;2:03.52;4:15.96;9:11.78;10:23.94;15:46.33;33:33.34;25:13;51:59;;3,81;5,84;12,33;12,52;39,02;46,23;50
676;11,76;16,4;23,96;53,26;1:00.31;2:03.56;4:16.05;9:11.99;10:24.23;15:46.70;33:34.18;25:14;52:01;;;;12,32;12,5;38,96;46,17;49,93
675;;16,41;23,97;53,28;1:00.33;2:03.61;4:16.15;9:12.21;10:24.53;15:47.06;33:35.02;25:15;52:02;;;5,83;12,31;12,49;38,91;46,1;49,86
674;;;23,98;53,3;1:00.36;2:03.65;4:16.25;9:12.42;10:24.82;15:47.43;33:35.86;25:16;52:04;;3,8;;12,3;12,47;38,85;46,04;49,79
673;11,77;16,42;;53,32;1:00.39;2:03.69;4:16.34;9:12.63;10:25.11;15:47.80;33:36.70;25:17;52:06;;;;12,29;12,45;38,8;45,97;49,72
672;;16,43;23,99;53,34;1:00.41;2:03.74;4:16.44;9:12.85;10:25.41;15:48.16;33:37.55;25:18;52:08;1,72;;5,82;12,28;12,44;38,74;45,9;49,64
671;11,78;16,44;24;53,36;1:00.44;2:03.78;4:16.53;9:13.06;10:25.70;15:48.53;33:38.39;25:19;52:10;;3,79;;;12,42;38,69;45,84;49,57
670;;;24,01;53,38;1:00.46;2:03.82;4:16.63;9:13.27;10:25.99;15:48.89;33:39.23;25:20;52:11;;;5,81;12,27;12,4;38,63;45,77;49,5
669;;16,45;24,02;53,4;1:00.49;2:03.87;4:16.72;9:13.49;10:26.29;15:49.26;33:40.08;25:21;52:13;;3,78;;12,26;12,38;38,58;45,71;49,43
668;11,79;16,46;24,03;53,42;1:00.52;2:03.91;4:16.82;9:13.70;10:26.58;15:49.63;33:40.92;25:22;52:15;;;5,8;12,25;12,37;38,52;45,64;49,36
667;;;24,04;53,44;1:00.54;2:03.95;4:16.92;9:13.92;10:26.88;15:49.99;33:41.77;25:23;52:17;;;;12,24;12,35;38,47;45,58;49,29
666;;16,47;24,05;53,45;1:00.57;2:04.00;4:17.01;9:14.13;10:27.17;15:50.36;33:42.61;25:24;52:19;;3,77;5,79;12,23;12,33;38,41;45,51;49,22
665;11,8;16,48;;53,47;1:00.60;2:04.04;4:17.11;9:14.35;10:27.47;15:50.73;33:43.46;;52:21;;;;12,22;12,32;38,36;45,44;49,15
664;;;24,06;53,49;1:00.62;2:04.09;4:17.20;9:14.56;10:27.76;15:51.10;33:44.31;25:25;52:22;;;5,78;12,21;12,3;38,3;45,38;49,08
663;11,81;16,49;24,07;53,51;1:00.65;2:04.13;4:17.30;9:14.78;10:28.06;15:51.47;33:45.15;25:26;52:24;1,71;3,76;;12,2;12,28;38,25;45,31;49
662;;16,5;24,08;53,53;1:00.67;2:04.17;4:17.40;9:14.99;10:28.35;15:51.83;33:46.00;25:27;52:26;;;5,77;12,19;12,27;38,19;45,25;48,93
661;;16,51;24,09;53,55;1:00.70;2:04.22;4:17.49;9:15.21;10:28.65;15:52.20;33:46.85;25:28;52:28;;3,75;;12,18;12,25;38,14;45,18;48,86
660;11,82;;24,1;53,57;1:00.73;2:04.26;4:17.59;9:15.42;10:28.95;15:52.57;33:47.70;25:29;52:30;;;5,76;12,17;12,23;38,08;45,12;48,79
659;;16,52;24,11;53,59;1:00.75;2:04.30;4:17.69;9:15.64;10:29.24;15:52.94;33:48.55;25:30;52:32;;;;12,16;12,22;38,03;45,05;48,72
658;11,83;16,53;;53,61;1:00.78;2:04.35;4:17.78;9:15.85;10:29.54;15:53.31;33:49.40;25:31;52:33;;3,74;5,75;12,15;12,2;37,97;44,98;48,65
657;;;24,12;53,63;1:00.81;2:04.39;4:17.88;9:16.07;10:29.84;15:53.68;33:50.26;25:32;52:35;;;;12,14;12,18;37,92;44,92;48,58
656;;16,54;24,13;53,65;1:00.83;2:04.44;4:17.98;9:16.29;10:30.13;15:54.05;33:51.11;25:33;52:37;;3,73;5,74;12,13;12,16;37,86;44,85;48,51
655;11,84;16,55;24,14;53,67;1:00.86;2:04.48;4:18.07;9:16.50;10:30.43;15:54.42;33:51.96;25:34;52:39;1,7;;;12,12;12,15;37,81;44,79;48,44
654;;;24,15;53,69;1:00.89;2:04.52;4:18.17;9:16.72;10:30.73;15:54.79;33:52.81;25:35;52:41;;;5,73;12,11;12,13;37,75;44,72;48,37
653;11,85;16,56;24,16;53,71;1:00.91;2:04.57;4:18.27;9:16.94;10:31.03;15:55.16;33:53.67;25:36;52:43;;3,72;;12,1;12,11;37,7;44,66;48,29
652;;16,57;24,17;53,72;1:00.94;2:04.61;4:18.36;9:17.15;10:31.32;15:55.54;33:54.52;25:37;52:45;;;5,72;12,09;12,1;37,64;44,59;48,22
651;;16,58;;53,74;1:00.97;2:04.65;4:18.46;9:17.37;10:31.62;15:55.91;33:55.38;25:38;52:46;;;;12,08;12,08;37,59;44,52;48,15
650;11,86;;24,18;53,76;1:00.99;2:04.70;4:18.56;9:17.59;10:31.92;15:56.28;33:56.24;25:39;52:48;;3,71;;12,07;12,06;37,53;44,46;48,08
649;;16,59;24,19;53,78;1:01.02;2:04.74;4:18.66;9:17.80;10:32.22;15:56.65;33:57.09;;52:50;;;5,71;12,06;12,05;37,48;44,39;48,01
648;11,87;16,6;24,2;53,8;1:01.04;2:04.79;4:18.75;9:18.02;10:32.52;15:57.02;33:57.95;25:40;52:52;;3,7;;12,05;12,03;37,42;44,33;47,94
647;;;24,21;53,82;1:01.07;2:04.83;4:18.85;9:18.24;10:32.82;15:57.40;33:58.81;25:41;52:54;;;5,7;12,04;12,01;37,37;44,26;47,87
646;;16,61;24,22;53,84;1:01.10;2:04.88;4:18.95;9:18.46;10:33.12;15:57.77;33:59.67;25:42;52:56;1,69;;;12,03;12;37,31;44,2;47,8
645;11,88;16,62;24,23;53,86;1:01.12;2:04.92;4:19.05;9:18.67;10:33.42;15:58.14;34:00.53;25:43;52:58;;3,69;5,69;12,02;11,98;37,26;44,13;47,73
644;;16,63;24,24;53,88;1:01.15;2:04.96;4:19.14;9:18.89;10:33.72;15:58.52;34:01.39;25:44;52:59;;;;12,01;11,96;37,2;44,06;47,65
643;11,89;;;53,9;1:01.18;2:05.01;4:19.24;9:19.11;10:34.02;15:58.89;34:02.25;25:45;53:01;;;5,68;12;11,94;37,15;44;47,58
642;;16,64;24,25;53,92;1:01.20;2:05.05;4:19.34;9:19.33;10:34.32;15:59.26;34:03.11;25:46;53:03;;3,68;;11,99;11,93;37,09;43,93;47,51
641;;16,65;24,26;53,94;1:01.23;2:05.10;4:19.44;9:19.55;10:34.62;15:59.64;34:03.97;25:47;53:05;;;5,67;11,98;11,91;37,04;43,87;47,44
640;11,9;;24,27;53,96;1:01.26;2:05.14;4:19.53;9:19.77;10:34.92;16:00.01;34:04.84;25:48;53:07;;3,67;;11,97;11,89;36,98;43,8;47,37
639;;16,66;24,28;53,98;1:01.28;2:05.19;4:19.63;9:19.99;10:35.22;16:00.39;34:05.70;25:49;53:09;;;5,66;11,96;11,88;36,93;43,74;47,3
638;11,91;16,67;24,29;54;1:01.31;2:05.23;4:19.73;9:20.21;10:35.52;16:00.76;34:06.57;25:50;53:11;1,68;;;11,95;11,86;36,87;43,67;47,23
637;;16,68;24,3;54,02;1:01.34;2:05.27;4:19.83;9:20.42;10:35.82;16:01.14;34:07.43;25:51;53:13;;3,66;5,65;11,94;11,84;36,82;43,6;47,16
636;;;24,31;54,04;1:01.37;2:05.32;4:19.93;9:20.64;10:36.12;16:01.52;34:08.30;25:52;53:14;;;;11,93;11,83;36,76;43,54;47,09
635;11,92;16,69;;54,06;1:01.39;2:05.36;4:20.03;9:20.86;10:36.42;16:01.89;34:09.16;25:53;53:16;;3,65;5,64;11,92;11,81;36,71;43,47;47,02
634;;16,7;24,32;54,08;1:01.42;2:05.41;4:20.12;9:21.08;10:36.73;16:02.27;34:10.03;25:54;53:18;;;;11,91;11,79;36,65;43,41;46,94
633;11,93;;24,33;54,1;1:01.45;2:05.45;4:20.22;9:21.30;10:37.03;16:02.65;34:10.90;25:55;53:20;;;5,63;11,9;11,77;36,6;43,34;46,87
632;;16,71;24,34;54,12;1:01.47;2:05.50;4:20.32;9:21.52;10:37.33;16:03.02;34:11.77;25:56;53:22;;3,64;;11,89;11,76;36,54;43,28;46,8
631;;16,72;24,35;54,13;1:01.50;2:05.54;4:20.42;9:21.74;10:37.63;16:03.40;34:12.64;;53:24;;;5,62;11,88;11,74;36,49;43,21;46,73
630;11,94;16,73;24,36;54,15;1:01.53;2:05.59;4:20.52;9:21.97;10:37.94;16:03.78;34:13.51;25:57;53:26;;;;11,87;11,72;36,43;43,14;46,66
629;;;24,37;54,17;1:01.55;2:05.63;4:20.62;9:22.19;10:38.24;16:04.16;34:14.38;25:58;53:28;1,67;3,63;5,61;11,86;11,71;36,38;43,08;46,59
628;11,95;16,74;24,38;54,19;1:01.58;2:05.68;4:20.72;9:22.41;10:38.54;16:04.54;34:15.25;25:59;53:29;;;;11,85;11,69;36,32;43,01;46,52
627;;16,75;24,39;54,21;1:01.61;2:05.72;4:20.82;9:22.63;10:38.85;16:04.91;34:16.12;26:00;53:31;;3,62;5,6;11,84;11,67;36,27;42,95;46,45
626;;;;54,23;1:01.63;2:05.77;4:20.91;9:22.85;10:39.15;16:05.29;34:16.99;26:01;53:33;;;;11,83;11,66;36,21;42,88;46,38
625;11,96;16,76;24,4;54,25;1:01.66;2:05.81;4:21.01;9:23.07;10:39.46;16:05.67;34:17.86;26:02;53:35;;;;11,82;11,64;36,16;42,82;46,3
624;;16,77;24,41;54,27;1:01.69;2:05.86;4:21.11;9:23.29;10:39.76;16:06.05;34:18.74;26:03;53:37;;3,61;5,59;11,81;11,62;36,1;42,75;46,23
623;11,97;16,78;24,42;54,29;1:01.72;2:05.90;4:21.21;9:23.51;10:40.07;16:06.43;34:19.61;26:04;53:39;;;;11,8;11,61;36,05;42,68;46,16
622;;;24,43;54,31;1:01.74;2:05.95;4:21.31;9:23.74;10:40.37;16:06.81;34:20.49;26:05;53:41;;3,6;5,58;;11,59;35,99;42,62;46,09
621;;16,79;24,44;54,33;1:01.77;2:05.99;4:21.41;9:23.96;10:40.68;16:07.19;34:21.37;26:06;53:43;1,66;;;11,79;11,57;35,94;42,55;46,02
620;11,98;16,8;24,45;54,35;1:01.80;2:06.04;4:21.51;9:24.18;10:40.98;16:07.57;34:22.24;26:07;53:45;;;5,57;11,78;11,55;35,88;42,49;45,95
619;;16,81;24,46;54,37;1:01.82;2:06.08;4:21.61;9:24.40;10:41.29;16:07.95;34:23.12;26:08;53:46;;3,59;;11,77;11,54;35,83;42,42;45,88
618;11,99;;24,47;54,39;1:01.85;2:06.13;4:21.71;9:24.63;10:41.59;16:08.34;34:24.00;26:09;53:48;;;5,56;11,76;11,52;35,77;42,36;45,81
617;;16,82;;54,41;1:01.88;2:06.17;4:21.81;9:24.85;10:41.90;16:08.72;34:24.88;26:10;53:50;;;;11,75;11,5;35,72;42,29;45,74
616;;16,83;24,48;54,43;1:01.91;2:06.22;4:21.91;9:25.07;10:42.21;16:09.10;34:25.76;26:11;53:52;;3,58;5,55;11,74;11,49;35,66;42,22;45,66
615;12;;24,49;54,45;1:01.93;2:06.26;4:22.01;9:25.29;10:42.51;16:09.48;34:26.64;26:12;53:54;;;;11,73;11,47;35,61;42,16;45,59
614;;16,84;24,5;54,47;1:01.96;2:06.31;4:22.11;9:25.52;10:42.82;16:09.86;34:27.52;26:13;53:56;;3,57;5,54;11,72;11,45;35,55;42,09;45,52
613;12,01;16,85;24,51;54,49;1:01.99;2:06.35;4:22.21;9:25.74;10:43.13;16:10.25;34:28.40;26:14;53:58;;;;11,71;11,44;35,5;42,03;45,45
612;;16,86;24,52;54,51;1:02.02;2:06.40;4:22.31;9:25.97;10:43.43;16:10.63;34:29.28;26:15;54:00;1,65;;5,53;11,7;11,42;35,44;41,96;45,38
611;;;24,53;54,53;1:02.04;2:06.44;4:22.41;9:26.19;10:43.74;16:11.01;34:30.17;26:16;54:02;;3,56;;11,69;11,4;35,39;41,9;45,31
610;12,02;16,87;24,54;54,55;1:02.07;2:06.49;4:22.51;9:26.41;10:44.05;16:11.40;34:31.05;26:17;54:04;;;5,52;11,68;11,39;35,33;41,83;45,24
609;;16,88;24,55;54,57;1:02.10;2:06.54;4:22.61;9:26.64;10:44.36;16:11.78;34:31.93;26:18;54:06;;;;11,67;11,37;35,28;41,76;45,17
608;12,03;16,89;;54,59;1:02.13;2:06.58;4:22.71;9:26.86;10:44.67;16:12.17;34:32.82;26:19;54:07;;3,55;5,51;11,66;11,35;35,22;41,7;45,1
607;;;24,56;54,61;1:02.15;2:06.63;4:22.81;9:27.09;10:44.98;16:12.55;34:33.71;26:20;54:09;;;;11,65;11,33;35,17;41,63;45,02
606;;16,9;24,57;54,63;1:02.18;2:06.67;4:22.91;9:27.31;10:45.28;16:12.94;34:34.59;26:21;54:11;;3,54;5,5;11,64;11,32;35,11;41,57;44,95
605;12,04;16,91;24,58;54,65;1:02.21;2:06.72;4:23.01;9:27.54;10:45.59;16:13.32;34:35.48;26:22;54:13;;;;11,63;11,3;35,06;41,5;44,88
604;;16,92;24,59;54,67;1:02.24;2:06.76;4:23.11;9:27.76;10:45.90;16:13.71;34:36.37;26:23;54:15;1,64;;5,49;11,62;11,28;35;41,43;44,81
603;12,05;;24,6;54,69;1:02.26;2:06.81;4:23.22;9:27.99;10:46.21;16:14.10;34:37.26;;54:17;;3,53;;11,61;11,27;34,95;41,37;44,74
602;;16,93;24,61;54,71;1:02.29;2:06.86;4:23.32;9:28.21;10:46.52;16:14.48;34:38.15;26:24;54:19;;;5,48;11,6;11,25;34,89;41,3;44,67
601;12,06;16,94;24,62;54,73;1:02.32;2:06.90;4:23.42;9:28.44;10:46.83;16:14.87;34:39.04;26:25;54:21;;3,52;;11,59;11,23;34,84;41,24;44,6
600;;;24,63;54,75;1:02.35;2:06.95;4:23.52;9:28.67;10:47.14;16:15.26;34:39.93;26:26;54:23;;;;11,58;11,22;34,78;41,17;44,53
599;;16,95;24,64;54,77;1:02.37;2:06.99;4:23.62;9:28.89;10:47.46;16:15.64;34:40.82;26:27;54:25;;;5,47;11,57;11,2;34,73;41,11;44,45
598;12,07;16,96;24,65;54,79;1:02.40;2:07.04;4:23.72;9:29.12;10:47.77;16:16.03;34:41.72;26:28;54:27;;3,51;;11,56;11,18;34,67;41,04;44,38
597;;16,97;;54,81;1:02.43;2:07.08;4:23.82;9:29.34;10:48.08;16:16.42;34:42.61;26:29;54:29;;;5,46;11,55;11,16;34,62;40,97;44,31
596;12,08;;24,66;54,83;1:02.46;2:07.13;4:23.92;9:29.57;10:48.39;16:16.81;34:43.50;26:30;54:31;;;;11,54;11,15;34,56;40,91;44,24
595;;16,98;24,67;54,85;1:02.48;2:07.18;4:24.03;9:29.80;10:48.70;16:17.20;34:44.40;26:31;54:33;1,63;3,5;5,45;11,53;11,13;34,51;40,84;44,17
594;;16,99;24,68;54,87;1:02.51;2:07.22;4:24.13;9:30.03;10:49.01;16:17.59;34:45.29;26:32;54:34;;;;11,52;11,11;34,45;40,78;44,1
593;12,09;17;24,69;54,9;1:02.54;2:07.27;4:24.23;9:30.25;10:49.33;16:17.97;34:46.19;26:33;54:36;;3,49;5,44;11,51;11,1;34,4;40,71;44,03
592;;;24,7;54,92;1:02.57;2:07.32;4:24.33;9:30.48;10:49.64;16:18.36;34:47.09;26:34;54:38;;;;11,5;11,08;34,34;40,65;43,96
591;12,1;17,01;24,71;54,94;1:02.59;2:07.36;4:24.43;9:30.71;10:49.95;16:18.75;34:47.99;26:35;54:40;;;5,43;11,49;11,06;34,29;40,58;43,89
590;;17,02;24,72;54,96;1:02.62;2:07.41;4:24.54;9:30.94;10:50.26;16:19.14;34:48.89;26:36;54:42;;3,48;;11,48;11,05;34,23;40,51;43,81
589;;17,03;24,73;54,98;1:02.65;2:07.45;4:24.64;9:31.16;10:50.58;16:19.54;34:49.78;26:37;54:44;;;5,42;11,47;11,03;34,18;40,45;43,74
588;12,11;;24,74;55;1:02.68;2:07.50;4:24.74;9:31.39;10:50.89;16:19.93;34:50.69;26:38;54:46;;3,47;;11,46;11,01;34,12;40,38;43,67
587;;17,04;24,75;55,02;1:02.71;2:07.55;4:24.84;9:31.62;10:51.21;16:20.32;34:51.59;26:39;54:48;1,62;;5,41;11,45;10,99;34,07;40,32;43,6
586;12,12;17,05;;55,04;1:02.73;2:07.59;4:24.94;9:31.85;10:51.52;16:20.71;34:52.49;26:40;54:50;;;;11,44;10,98;34,01;40,25;43,53
585;;17,06;24,76;55,06;1:02.76;2:07.64;4:25.05;9:32.08;10:51.83;16:21.10;34:53.39;26:41;54:52;;3,46;5,4;11,43;10,96;33,96;40,18;43,46
584;12,13;;24,77;55,08;1:02.79;2:07.69;4:25.15;9:32.31;10:52.15;16:21.49;34:54.29;26:42;54:54;;;;11,42;10,94;33,9;40,12;43,39
583;;17,07;24,78;55,1;1:02.82;2:07.73;4:25.25;9:32.54;10:52.46;16:21.89;34:55.20;26:43;54:56;;;5,39;11,41;10,93;33,85;40,05;43,32
582;;17,08;24,79;55,12;1:02.85;2:07.78;4:25.35;9:32.77;10:52.78;16:22.28;34:56.10;26:44;54:58;;3,45;;11,4;10,91;33,79;39,99;43,24
581;12,14;17,09;24,8;55,14;1:02.87;2:07.83;4:25.46;9:33.00;10:53.10;16:22.67;34:57.01;26:45;55:00;;;5,38;11,39;10,89;33,74;39,92;43,17
580;;;24,81;55,16;1:02.90;2:07.87;4:25.56;9:33.23;10:53.41;16:23.07;34:57.92;26:46;55:02;;3,44;;11,38;10,88;33,68;39,86;43,1
579;12,15;17,1;24,82;55,18;1:02.93;2:07.92;4:25.66;9:33.46;10:53.73;16:23.46;34:58.82;26:47;55:04;;;5,37;11,37;10,86;33,63;39,79;43,03
578;;17,11;24,83;55,2;1:02.96;2:07.97;4:25.77;9:33.69;10:54.04;16:23.86;34:59.73;26:48;55:06;1,61;;;11,36;10,84;33,57;39,72;42,96
577;;17,12;24,84;55,22;1:02.99;2:08.01;4:25.87;9:33.92;10:54.36;16:24.25;35:00.64;26:49;55:08;;3,43;5,36;11,35;10,83;33,52;39,66;42,89
576;12,16;;24,85;55,24;1:03.02;2:08.06;4:25.97;9:34.15;10:54.68;16:24.65;35:01.55;26:50;55:10;;;;11,34;10,81;33,46;39,59;42,82
575;;17,13;24,86;55,26;1:03.04;2:08.11;4:26.08;9:34.38;10:54.99;16:25.04;35:02.46;26:51;55:12;;3,42;5,35;11,33;10,79;33,41;39,53;42,75
574;12,17;17,14;24,87;55,28;1:03.07;2:08.15;4:26.18;9:34.61;10:55.31;16:25.44;35:03.37;26:52;55:14;;;;11,32;10,77;33,35;39,46;42,68
573;;17,15;;55,31;1:03.10;2:08.20;4:26.28;9:34.84;10:55.63;16:25.83;35:04.28;26:53;55:16;;;5,34;11,31;10,76;33,3;39,39;42,6
572;12,18;;24,88;55,33;1:03.13;2:08.25;4:26.39;9:35.07;10:55.95;16:26.23;35:05.20;26:54;55:18;;3,41;;11,3;10,74;33,24;39,33;42,53
571;;17,16;24,89;55,35;1:03.16;2:08.29;4:26.49;9:35.30;10:56.27;16:26.63;35:06.11;26:55;55:20;;;;11,29;10,72;33,19;39,26;42,46
570;;17,17;24,9;55,37;1:03.18;2:08.34;4:26.59;9:35.54;10:56.59;16:27.02;35:07.03;26:56;55:22;1,6;;5,33;11,28;10,71;33,13;39,2;42,39
569;12,19;17,18;24,91;55,39;1:03.21;2:08.39;4:26.70;9:35.77;10:56.90;16:27.42;35:07.94;26:57;55:24;;3,4;;11,27;10,69;33,08;39,13;42,32
568;;;24,92;55,41;1:03.24;2:08.43;4:26.80;9:36.00;10:57.22;16:27.82;35:08.86;26:58;55:26;;;5,32;11,26;10,67;33,02;39,07;42,25
567;12,2;17,19;24,93;55,43;1:03.27;2:08.48;4:26.91;9:36.23;10:57.54;16:28.22;35:09.77;26:59;55:27;;3,39;;11,25;10,66;32,97;39;42,18
566;;17,2;24,94;55,45;1:03.30;2:08.53;4:27.01;9:36.47;10:57.86;16:28.62;35:10.69;27:00;55:29;;;5,31;11,24;10,64;32,91;38,93;42,11
565;12,21;17,21;24,95;55,47;1:03.33;2:08.58;4:27.11;9:36.70;10:58.18;16:29.01;35:11.61;27:01;55:31;;;;11,23;10,62;32,86;38,87;42,03
564;;;24,96;55,49;1:03.36;2:08.62;4:27.22;9:36.93;10:58.50;16:29.41;35:12.53;27:02;55:33;;3,38;5,3;11,22;10,6;32,8;38,8;41,96
563;;17,22;24,97;55,51;1:03.38;2:08.67;4:27.32;9:37.16;10:58.82;16:29.81;35:13.45;27:03;55:35;;;;11,21;10,59;32,75;38,74;41,89
562;12,22;17,23;24,98;55,53;1:03.41;2:08.72;4:27.43;9:37.40;10:59.14;16:30.21;35:14.37;27:04;55:37;;3,37;5,29;11,2;10,57;32,69;38,67;41,82
561;;17,24;24,99;55,55;1:03.44;2:08.77;4:27.53;9:37.63;10:59.47;16:30.61;35:15.29;27:05;55:39;1,59;;;11,19;10,55;32,64;38,6;41,75
560;12,23;;25;55,58;1:03.47;2:08.81;4:27.64;9:37.87;10:59.79;16:31.01;35:16.21;27:06;55:41;;;5,28;11,18;10,54;32,58;38,54;41,68
559;;17,25;25,01;55,6;1:03.50;2:08.86;4:27.74;9:38.10;11:00.11;16:31.42;35:17.14;27:07;55:43;;3,36;;11,17;10,52;32,53;38,47;41,61
558;12,24;17,26;;55,62;1:03.53;2:08.91;4:27.85;9:38.33;11:00.43;16:31.82;35:18.06;27:08;55:45;;;5,27;11,16;10,5;32,47;38,41;41,54
557;;17,27;25,02;55,64;1:03.56;2:08.96;4:27.95;9:38.57;11:00.75;16:32.22;35:18.99;27:09;55:47;;;;11,15;10,49;32,42;38,34;41,46
556;;17,28;25,03;55,66;1:03.58;2:09.00;4:28.06;9:38.80;11:01.08;16:32.62;35:19.91;27:10;55:49;;3,35;5,26;11,14;10,47;32,36;38,28;41,39
555;12,25;;25,04;55,68;1:03.61;2:09.05;4:28.16;9:39.04;11:01.40;16:33.02;35:20.84;27:11;55:51;;;;;10,45;32,31;38,21;41,32
554;;17,29;25,05;55,7;1:03.64;2:09.10;4:28.27;9:39.27;11:01.72;16:33.43;35:21.77;27:12;55:53;;3,34;5,25;11,13;10,43;32,25;38,14;41,25
553;12,26;17,3;25,06;55,72;1:03.67;2:09.15;4:28.37;9:39.51;11:02.05;16:33.83;35:22.70;27:13;55:55;1,58;;;11,12;10,42;32,2;38,08;41,18
552;;17,31;25,07;55,74;1:03.70;2:09.19;4:28.48;9:39.75;11:02.37;16:34.23;35:23.63;27:14;55:57;;;5,24;11,11;10,4;32,14;38,01;41,11
551;12,27;;25,08;55,76;1:03.73;2:09.24;4:28.58;9:39.98;11:02.69;16:34.64;35:24.56;27:15;55:59;;3,33;;11,1;10,38;32,08;37,95;41,04
550;;17,32;25,09;55,79;1:03.76;2:09.29;4:28.69;9:40.22;11:03.02;16:35.04;35:25.49;27:16;56:02;;;5,23;11,09;10,37;32,03;37,88;40,97
549;;17,33;25,1;55,81;1:03.79;2:09.34;4:28.80;9:40.45;11:03.34;16:35.45;35:26.42;27:17;56:04;;3,32;;11,08;10,35;31,97;37,81;40,9
548;12,28;17,34;25,11;55,83;1:03.81;2:09.39;4:28.90;9:40.69;11:03.67;16:35.85;35:27.35;27:18;56:06;;;5,22;11,07;10,33;31,92;37,75;40,82
547;;;25,12;55,85;1:03.84;2:09.43;4:29.01;9:40.93;11:03.99;16:36.26;35:28.28;27:19;56:08;;;;11,06;10,32;31,86;37,68;40,75
546;12,29;17,35;25,13;55,87;1:03.87;2:09.48;4:29.11;9:41.16;11:04.32;16:36.66;35:29.22;27:20;56:10;;3,31;5,21;11,05;10,3;31,81;37,62;40,68
545;;17,36;25,14;55,89;1:03.90;2:09.53;4:29.22;9:41.40;11:04.64;16:37.07;35:30.15;27:21;56:12;;;;11,04;10,28;31,75;37,55;40,61
544;12,3;17,37;25,15;55,91;1:03.93;2:09.58;4:29.33;9:41.64;11:04.97;16:37.47;35:31.09;27:22;56:14;1,57;;5,2;11,03;10,26;31,7;37,48;40,54
543;;17,38;25,16;55,93;1:03.96;2:09.63;4:29.43;9:41.88;11:05.30;16:37.88;35:32.03;27:24;56:16;;3,3;;11,02;10,25;31,64;37,42;40,47
542;;;25,17;55,95;1:03.99;2:09.68;4:29.54;9:42.11;11:05.62;16:38.29;35:32.96;27:25;56:18;;;;11,01;10,23;31,59;37,35;40,4
541;12,31;17,39;25,18;55,98;1:04.02;2:09.72;4:29.65;9:42.35;11:05.95;16:38.70;35:33.90;27:26;56:20;;3,29;5,19;11;10,21;31,53;37,29;40,33
540;;17,4;;56;1:04.05;2:09.77;4:29.75;9:42.59;11:06.28;16:39.10;35:34.84;27:27;56:22;;;;10,99;10,2;31,48;37,22;40,25
539;12,32;17,41;25,19;56,02;1:04.08;2:09.82;4:29.86;9:42.83;11:06.61;16:39.51;35:35.78;27:28;56:24;;;5,18;10,98;10,18;31,42;37,16;40,18
538;;;25,2;56,04;1:04.10;2:09.87;4:29.97;9:43.07;11:06.93;16:39.92;35:36.72;27:29;56:26;;3,28;;10,97;10,16;31,37;37,09;40,11
537;12,33;17,42;25,21;56,06;1:04.13;2:09.92;4:30.07;9:43.31;11:07.26;16:40.33;35:37.67;27:30;56:28;;;5,17;10,96;10,15;31,31;37,02;40,04
536;;17,43;25,22;56,08;1:04.16;2:09.97;4:30.18;9:43.54;11:07.59;16:40.74;35:38.61;27:31;56:30;1,56;3,27;;10,95;10,13;31,26;36,96;39,97
535;;17,44;25,23;56,1;1:04.19;2:10.01;4:30.29;9:43.78;11:07.92;16:41.15;35:39.55;27:32;56:32;;;5,16;10,94;10,11;31,2;36,89;39,9
534;12,34;17,45;25,24;56,13;1:04.22;2:10.06;4:30.39;9:44.02;11:08.25;16:41.56;35:40.50;27:33;56:34;;;;10,93;10,09;31,15;36,83;39,83
533;;;25,25;56,15;1:04.25;2:10.11;4:30.50;9:44.26;11:08.58;16:41.97;35:41.44;27:34;56:36;;3,26;5,15;10,92;10,08;31,09;36,76;39,76
532;12,35;17,46;25,26;56,17;1:04.28;2:10.16;4:30.61;9:44.50;11:08.91;16:42.38;35:42.39;27:35;56:38;;;;10,91;10,06;31,04;36,69;39,68
531;;17,47;25,27;56,19;1:04.31;2:10.21;4:30.72;9:44.74;11:09.24;16:42.79;35:43.34;27:36;56:40;;;5,14;10,9;10,04;30,98;36,63;39,61
530;12,36;17,48;25,28;56,21;1:04.34;2:10.26;4:30.82;9:44.98;11:09.57;16:43.21;35:44.29;27:37;56:42;;3,25;;10,89;10,03;30,93;36,56;39,54
529;;;25,29;56,23;1:04.37;2:10.31;4:30.93;9:45.22;11:09.90;16:43.62;35:45.24;27:38;56:44;;;5,13;10,88;10,01;30,87;36,5;39,47
528;;17,49;25,3;56,25;1:04.40;2:10.36;4:31.04;9:45.47;11:10.23;16:44.03;35:46.19;27:39;56:46;;3,24;;10,87;9,99;30,82;36,43;39,4
527;12,37;17,5;25,31;56,28;1:04.43;2:10.40;4:31.15;9:45.71;11:10.56;16:44.44;35:47.14;27:40;56:48;1,55;;5,12;10,86;9,98;30,76;36,36;39,33
526;;17,51;25,32;56,3;1:04.46;2:10.45;4:31.26;9:45.95;11:10.89;16:44.86;35:48.09;27:41;56:50;;;;10,85;9,96;30,71;36,3;39,26
525;12,38;17,52;25,33;56,32;1:04.49;2:10.50;4:31.36;9:46.19;11:11.23;16:45.27;35:49.04;27:42;56:53;;3,23;5,11;10,84;9,94;30,65;36,23;39,18
524;;;25,34;56,34;1:04.52;2:10.55;4:31.47;9:46.43;11:11.56;16:45.69;35:49.99;27:43;56:55;;;;10,83;9,92;30,6;36,17;39,11
523;12,39;17,53;25,35;56,36;1:04.55;2:10.60;4:31.58;9:46.67;11:11.89;16:46.10;35:50.95;27:44;56:57;;3,22;5,1;10,82;9,91;30,54;36,1;39,04
522;;17,54;25,36;56,38;1:04.58;2:10.65;4:31.69;9:46.92;11:12.22;16:46.51;35:51.91;27:45;56:59;;;;10,81;9,89;30,49;36,04;38,97
521;12,4;17,55;25,37;56,41;1:04.60;2:10.70;4:31.80;9:47.16;11:12.56;16:46.93;35:52.86;27:46;57:01;;;5,09;10,8;9,87;30,43;35,97;38,9
520;;17,56;25,38;56,43;1:04.63;2:10.75;4:31.91;9:47.40;11:12.89;16:47.35;35:53.82;27:47;57:03;;3,21;;10,79;9,86;30,38;35,9;38,83
519;;;25,39;56,45;1:04.66;2:10.80;4:32.02;9:47.64;11:13.22;16:47.76;35:54.78;27:48;57:05;1,54;;5,08;10,78;9,84;30,32;35,84;38,76
518;12,41;17,57;25,4;56,47;1:04.69;2:10.85;4:32.12;9:47.89;11:13.56;16:48.18;35:55.74;27:50;57:07;;;;10,77;9,82;30,27;35,77;38,69
517;;17,58;25,41;56,49;1:04.72;2:10.90;4:32.23;9:48.13;11:13.89;16:48.60;35:56.70;27:51;57:09;;3,2;5,07;10,76;9,81;30,21;35,71;38,61
516;12,42;17,59;25,42;56,51;1:04.75;2:10.95;4:32.34;9:48.37;11:14.23;16:49.01;35:57.66;27:52;57:11;;;;10,75;9,79;30,16;35,64;38,54
515;;17,6;25,43;56,54;1:04.78;2:10.99;4:32.45;9:48.62;11:14.56;16:49.43;35:58.62;27:53;57:13;;3,19;5,06;10,74;9,77;30,1;35,57;38,47
514;12,43;;25,44;56,56;1:04.81;2:11.04;4:32.56;9:48.86;11:14.90;16:49.85;35:59.58;27:54;57:15;;;;10,73;9,75;30,05;35,51;38,4
513;;17,61;25,45;56,58;1:04.84;2:11.09;4:32.67;9:49.11;11:15.23;16:50.27;36:00.55;27:55;57:17;;;5,05;10,72;9,74;29,99;35,44;38,33
512;12,44;17,62;25,46;56,6;1:04.87;2:11.14;4:32.78;9:49.35;11:15.57;16:50.69;36:01.51;27:56;57:19;;3,18;;10,71;9,72;29,93;35,38;38,26
511;;17,63;25,47;56,62;1:04.90;2:11.19;4:32.89;9:49.60;11:15.91;16:51.11;36:02.48;27:57;57:22;;;;10,7;9,7;29,88;35,31;38,19
510;;17,64;25,48;56,65;1:04.93;2:11.24;4:33.00;9:49.84;11:16.24;16:51.53;36:03.44;27:58;57:24;1,53;3,17;5,04;10,69;9,69;29,82;35,24;38,12
509;12,45;;25,49;56,67;1:04.96;2:11.29;4:33.11;9:50.09;11:16.58;16:51.95;36:04.41;27:59;57:26;;;;10,68;9,67;29,77;35,18;38,04
508;;17,65;25,5;56,69;1:04.99;2:11.34;4:33.22;9:50.33;11:16.92;16:52.37;36:05.38;28:00;57:28;;;5,03;10,67;9,65;29,71;35,11;37,97
507;12,46;17,66;;56,71;1:05.02;2:11.39;4:33.33;9:50.58;11:17.26;16:52.79;36:06.35;28:01;57:30;;3,16;;10,66;9,64;29,66;35,05;37,9
506;;17,67;25,51;56,73;1:05.05;2:11.44;4:33.44;9:50.82;11:17.59;16:53.21;36:07.32;28:02;57:32;;;5,02;10,65;9,62;29,6;34,98;37,83
505;12,47;17,68;25,52;56,76;1:05.08;2:11.49;4:33.55;9:51.07;11:17.93;16:53.63;36:08.29;28:03;57:34;;;;10,64;9,6;29,55;34,91;37,76
504;;;25,53;56,78;1:05.11;2:11.54;4:33.66;9:51.32;11:18.27;16:54.05;36:09.26;28:04;57:36;;3,15;5,01;10,63;9,58;29,49;34,85;37,69
503;12,48;17,69;25,54;56,8;1:05.14;2:11.59;4:33.77;9:51.56;11:18.61;16:54.48;36:10.24;28:05;57:38;;;;10,62;9,57;29,44;34,78;37,62
502;;17,7;25,55;56,82;1:05.17;2:11.64;4:33.88;9:51.81;11:18.95;16:54.90;36:11.21;28:06;57:40;1,52;3,14;5;10,61;9,55;29,38;34,72;37,54
501;;17,71;25,56;56,84;1:05.20;2:11.69;4:33.99;9:52.06;11:19.29;16:55.32;36:12.19;28:08;57:43;;;;10,6;9,53;29,33;34,65;37,47
